Generator,Maintenance Rate,Forced Outage Rate,Mean Time to Repair
GEN_111104_LOWERJHELUM1_132_1,0,0,  0.00
GEN_111104_LOWERJHELUM1_132_2,0,0,  0.00
GEN_111104_LOWERJHELUM1_132_3,0,0,  0.00
GEN_111108_UDAMPUR1_132_1,0,0,  0.00
GEN_111108_UDAMPUR1_132_2,0,0,  0.00
GEN_111108_UDAMPUR1_132_3,0,0,  0.00
GEN_111108_UDAMPUR1_132_4,0,0,  0.00
GEN_111108_UDAMPUR1_132_5,0,0,  0.00
GEN_111119_UPPERSIND_132_1,0,0,  0.00
GEN_111119_UPPERSIND_132_2,0,0,  0.00
GEN_111119_UPPERSIND_132_3,0,0,  0.00
GEN_111119_UPPERSIND_132_4,0,0,  0.00
GEN_111119_UPPERSIND_132_5,0,0,  0.00
GEN_111129_PAMPORE1_132_1,22.06443379,22.06443379,389.00
GEN_111129_PAMPORE1_132_2,22.06443379,22.06443379,389.00
GEN_111129_PAMPORE1_132_3,22.06443379,22.06443379,389.00
GEN_111129_PAMPORE1_132_4,22.06443379,22.06443379,389.00
GEN_111129_PAMPORE1_132_5,22.06443379,22.06443379,389.00
GEN_111129_PAMPORE1_132_6,22.06443379,22.06443379,389.00
GEN_111129_PAMPORE1_132_7,22.06443379,22.06443379,389.00
GEN_114401_BAGLIHAR4_400_1,0,0,  0.00
GEN_114401_BAGLIHAR4_400_2,0,0,  0.00
GEN_114401_BAGLIHAR4_400_3,0,0,  0.00
GEN_121102_BAJAURA1_132_TH,0,0,  0.00
GEN_121104_MALANA1_132_1,0,0,  0.00
GEN_121104_MALANA1_132_2,0,0,  0.00
GEN_121105_KANGRA1_132_GJ,0,0,  0.00
GEN_121105_KANGRA1_132_KH,0,0,  0.00
GEN_121109_BASSI1_132_1,0,0,  0.00
GEN_121109_BASSI1_132_2,0,0,  0.00
GEN_121109_BASSI1_132_3,0,0,  0.00
GEN_121109_BASSI1_132_4,0,0,  0.00
GEN_121112_GIRI1_132_1,0,0,  0.00
GEN_121112_GIRI1_132_2,0,0,  0.00
GEN_121115_PALAMPUR_132_BN,0,0,  0.00
GEN_121115_PALAMPUR_132_BW,0,0,  0.00
GEN_121119_LARJI1_132_1,0,0,  0.00
GEN_121119_LARJI1_132_2,0,0,  0.00
GEN_121119_LARJI1_132_3,0,0,  0.00
GEN_121128_CHANJU-1_220_1,0,0,  0.00
GEN_121140_UHL-3_132_1,0,0,  0.00
GEN_121140_UHL-3_132_2,0,0,  0.00
GEN_121140_UHL-3_132_3,0,0,  0.00
GEN_122202_BUDHIL_220_1,0,0,  0.00
GEN_122202_BUDHIL_220_2,0,0,  0.00
GEN_122207_KASANG_220_1,0,0,  0.00
GEN_122207_KASANG_220_2,0,0,  0.00
GEN_122207_KASANG_220_3,0,0,  0.00
GEN_122211_TIDONG_220_1,0,0,  0.00
GEN_122211_TIDONG_220_2,0,0,  0.00
GEN_122226_BHABA2_220_1,0,0,  0.00
GEN_122226_BHABA2_220_2,0,0,  0.00
GEN_122226_BHABA2_220_3,0,0,  0.00
GEN_124402_BASPA4_400_1,0,0,  0.00
GEN_124402_BASPA4_400_2,0,0,  0.00
GEN_124402_BASPA4_400_3,0,0,  0.00
GEN_124403_SHANGTONG_400_1,0,0,  0.00
GEN_124403_SHANGTONG_400_2,0,0,  0.00
GEN_124403_SHANGTONG_400_3,0,0,  0.00
GEN_124403_SHANGTONG_400_4,0,0,  0.00
GEN_124404_CHANGO-YANTG_400_1,0,0,  0.00
GEN_124404_CHANGO-YANTG_400_2,0,0,  0.00
GEN_124404_CHANGO-YANTG_400_3,0,0,  0.00
GEN_124903_SAINJ_400_1,0,0,  0.00
GEN_124903_SAINJ_400_2,0,0,  0.00
GEN_124910_SAWRA-KUDDU_400_1,0,0,  0.00
GEN_124910_SAWRA-KUDDU_400_2,0,0,  0.00
GEN_124910_SAWRA-KUDDU_400_3,0,0,  0.00
GEN_131100_UBDCPH-1_132_1,0,0,  0.00
GEN_131100_UBDCPH-1_132_2,0,0,  0.00
GEN_131110_MUKERIAN-4_132_1,0,0,  0.00
GEN_131110_MUKERIAN-4_132_2,0,0,  0.00
GEN_131110_MUKERIAN-4_132_3,0,0,  0.00
GEN_131118_MUKERI-3_132_1,0,0,  0.00
GEN_131118_MUKERI-3_132_2,0,0,  0.00
GEN_131118_MUKERI-3_132_3,0,0,  0.00
GEN_131149_ANANDGARH-2_132_1,0,0,  0.00
GEN_131149_ANANDGARH-2_132_2,0,0,  0.00
GEN_131149_ANANDGARH-2_132_3,0,0,  0.00
GEN_131149_ANANDGARH-2_132_4,0,0,  0.00
GEN_131170_UBDCPH-3_132_1,0,0,  0.00
GEN_131170_UBDCPH-3_132_2,0,0,  0.00
GEN_131171_UBDCPH-2_132_1,0,0,  0.00
GEN_131171_UBDCPH-2_132_2,0,0,  0.00
GEN_131189_MUKERI-1_132_1,0,0,  0.00
GEN_131189_MUKERI-1_132_2,0,0,  0.00
GEN_131189_MUKERI-1_132_3,0,0,  0.00
GEN_131190_MUKERI-2_132_1,0,0,  0.00
GEN_131190_MUKERI-2_132_2,0,0,  0.00
GEN_131190_MUKERI-2_132_3,0,0,  0.00
GEN_131192_JOGINDERNAGA_132_1,0,0,  0.00
GEN_131192_JOGINDERNAGA_132_2,0,0,  0.00
GEN_131192_JOGINDERNAGA_132_3,0,0,  0.00
GEN_131192_JOGINDERNAGA_132_4,0,0,  0.00
GEN_131192_JOGINDERNAGA_132_5,0,0,  0.00
GEN_131197_ANANDGARH-1_132_1,0,0,  0.00
GEN_131197_ANANDGARH-1_132_2,0,0,  0.00
GEN_132204_LEHRAMOHABBA_220_1,5.091602,2.14,404.00
GEN_132204_LEHRAMOHABBA_220_2,5.091602,2.14,404.00
GEN_132204_LEHRAMOHABBA_220_3,5.091602,2.14,404.00
GEN_132204_LEHRAMOHABBA_220_4,5.091602,2.14,404.00
GEN_132221_RSD_220_1,0,0,  0.00
GEN_132221_RSD_220_2,0,0,  0.00
GEN_132221_RSD_220_3,0,0,  0.00
GEN_132221_RSD_220_4,0,0,  0.00
GEN_132232_ROPAR_220_1,5.091602,10.11,404.00
GEN_132232_ROPAR_220_2,6.44,6.54,404.00
GEN_132232_ROPAR_220_3,10.57,11.32,404.00
GEN_132232_ROPAR_220_4,8.98,6.43,404.00
GEN_132232_ROPAR_220_5,5.091602,4.62,404.00
GEN_132232_ROPAR_220_6,5.66,5.18,404.00
GEN_132247_BATHINDA_220_1,5.091602,14.76,404.00
GEN_132247_BATHINDA_220_2,5.091602,11.4,404.00
GEN_132247_BATHINDA_220_3,100,8.536258,404.00
GEN_132247_BATHINDA_220_4,40.24,13.46,404.00
GEN_132270_GOINDWAL_220_1,5.309834254,10.32762431,404.00
GEN_132270_GOINDWAL_220_2,5.309834254,10.32762431,404.00
GEN_134401_TALWANDISABO_400_1,3.26,22.39,404.00
GEN_134401_TALWANDISABO_400_2,3.26,22.39,404.00
GEN_134401_TALWANDISABO_400_3,3.26,22.39,404.00
GEN_134406_RAJPURA_TH_400_1,2.95,19.55769231,404.00
GEN_134406_RAJPURA_TH_400_2,2.95,19.55769231,404.00
GEN_142211_PANIPAT_OLD_220_1,5.091602,6.1,404.00
GEN_142211_PANIPAT_OLD_220_2,5.091602,32.98,404.00
GEN_142211_PANIPAT_OLD_220_3,5.091602,14.04,404.00
GEN_142211_PANIPAT_OLD_220_4,3.1,16.93,404.00
GEN_142235_YAMUNA2_220_1,5.091602,5.52,404.00
GEN_142235_YAMUNA2_220_2,5.091602,61.64,404.00
GEN_142929_PANIPAT_NEW_220_5,5.091602,13.03,404.00
GEN_142929_PANIPAT_NEW_220_6,10.5,4.96,404.00
GEN_142929_PANIPAT_NEW_220_7,3.96,2.92,404.00
GEN_142929_PANIPAT_NEW_220_8,5.091602,7.33,404.00
GEN_144401_KHEDAR_400_1,5.091602,12.01,404.00
GEN_144401_KHEDAR_400_2,32.6,3.68,404.00
GEN_144404_JHAJAR_N_400_1,3.26,22.39,404.00
GEN_144404_JHAJAR_N_400_2,3.26,22.39,404.00
GEN_152203_PRAGATI_BDR_220_G1,22.06443379,22.06443379,389.00
GEN_152207_PRAGATI_MND_220_G2,22.06443379,22.06443379,389.00
GEN_152207_PRAGATI_MND_220_S1,22.06443379,22.06443379,389.00
GEN_153006_RAJGHATG_33_1,22.06443379,22.06443379,389.00
GEN_153006_RAJGHATG_33_2,22.06443379,22.06443379,389.00
GEN_154426_BAWANA-G_400_G1,22.06443379,22.06443379,389.00
GEN_154426_BAWANA-G_400_G2,22.06443379,22.06443379,389.00
GEN_154426_BAWANA-G_400_G3,22.06443379,22.06443379,389.00
GEN_154426_BAWANA-G_400_G4,22.06443379,22.06443379,389.00
GEN_154426_BAWANA-G_400_S1,22.06443379,22.06443379,389.00
GEN_154426_BAWANA-G_400_S2,22.06443379,22.06443379,389.00
GEN_156001_DEL_GAS6_66_G1,22.06443379,22.06443379,389.00
GEN_156001_DEL_GAS6_66_G2,22.06443379,22.06443379,389.00
GEN_156001_DEL_GAS6_66_G3,22.06443379,22.06443379,389.00
GEN_156001_DEL_GAS6_66_G4,22.06443379,22.06443379,389.00
GEN_156001_DEL_GAS6_66_G5,22.06443379,22.06443379,389.00
GEN_156001_DEL_GAS6_66_G6,22.06443379,22.06443379,389.00
GEN_156001_DEL_GAS6_66_S1,22.06443379,22.06443379,389.00
GEN_156001_DEL_GAS6_66_S2,22.06443379,22.06443379,389.00
GEN_156001_DEL_GAS6_66_S3,22.06443379,22.06443379,389.00
GEN_161117_RAMGARH21_132_1,22.06443379,22.06443379,389.00
GEN_161117_RAMGARH21_132_2,22.06443379,22.06443379,389.00
GEN_161117_RAMGARH21_132_3,22.06443379,22.06443379,389.00
GEN_161122_RPS1_132_1,0,0,  0.00
GEN_161122_RPS1_132_2,0,0,  0.00
GEN_161122_RPS1_132_3,0,0,  0.00
GEN_161122_RPS1_132_4,0,0,  0.00
GEN_161160_MAHI-I_132_1,0,0,  0.00
GEN_161623_JS1_132_1,0,0,  0.00
GEN_161623_JS1_132_2,0,0,  0.00
GEN_161623_JS1_132_3,0,0,  0.00
GEN_161685_MAHI-II_132_1,0,0,  0.00
GEN_162204_RAPS_A2_220_1,20,10,435.00
GEN_162204_RAPS_A2_220_2,20,10,435.00
GEN_162218_GIRALTPS_220_1,19.55,44.34,404.00
GEN_162218_GIRALTPS_220_2,5.091602,50.62,404.00
GEN_162220_DHOLPU-4_220_1,22.06443379,22.06443379,389.00
GEN_162220_DHOLPU-4_220_2,22.06443379,22.06443379,389.00
GEN_162220_DHOLPU-4_220_3,22.06443379,22.06443379,389.00
GEN_162242_BARSINGS_220_1,5.091602,16.8,404.00
GEN_162242_BARSINGS_220_2,5.091602,29.17,404.00
GEN_162257_SURATGARH-42_220_1,5.64,13.7,404.00
GEN_162257_SURATGARH-42_220_2,5.091602,4.39,404.00
GEN_162261_KTPS_220_1,6,1.25,404.00
GEN_162261_KTPS_220_2,6,2.75,404.00
GEN_162261_KTPS_220_3,7.32,1.87,404.00
GEN_162261_KTPS_220_4,6.51,2.89,404.00
GEN_162261_KTPS_220_5,5.35,2.7,404.00
GEN_162261_KTPS_220_6,5.49,1.01,404.00
GEN_162261_KTPS_220_7,5.63,3.21,404.00
GEN_162278_RAJWEST_220_7,5.091602,58.25,404.00
GEN_162278_RAJWEST_220_8,5.091602,58.25,404.00
GEN_162314_RAMGARH_220_4,22.06443379,22.06443379,389.00
GEN_162314_RAMGARH_220_5,22.06443379,22.06443379,389.00
GEN_162321_VSLP_220_1,8.929253731,29.35567164,404.00
GEN_164411_CHABRA-4_400_1,5.091602,13.62,404.00
GEN_164411_CHABRA-4_400_2,5.091602,13.62,404.00
GEN_164411_CHABRA-4_400_3,5.091602,13.62,404.00
GEN_164411_CHABRA-4_400_4,5.091602,13.62,404.00
GEN_164411_CHABRA-4_400_5,3.26,22.39,404.00
GEN_164411_CHABRA-4_400_6,3.26,22.39,404.00
GEN_164412_KALISI-4_400_1,6.52,20.588,404.00
GEN_164412_KALISI-4_400_2,6.52,20.588,404.00
GEN_164413_RAJWEST_400_1,5.091602,58.25,404.00
GEN_164413_RAJWEST_400_2,1.17,53.43,404.00
GEN_164413_RAJWEST_400_3,5.091602,13.96,404.00
GEN_164413_RAJWEST_400_4,5.091602,41.48,404.00
GEN_164413_RAJWEST_400_5,5.091602,41.48,404.00
GEN_164413_RAJWEST_400_6,5.091602,41.48,404.00
GEN_164414_KAWAI_400_1,3.26,22.39,404.00
GEN_164414_KAWAI_400_2,3.26,22.39,404.00
GEN_164457_SURATG-4_400_3,4.51,3.05,404.00
GEN_164457_SURATG-4_400_4,9.73,1.3,404.00
GEN_164457_SURATG-4_400_5,6.4,2.53,404.00
GEN_164457_SURATG-4_400_6,5.091602,49.49,404.00
GEN_171170_OBRAH1_132_1,0,0,  0.00
GEN_171170_OBRAH1_132_2,0,0,  0.00
GEN_171170_OBRAH1_132_3,0,0,  0.00
GEN_171189_RIHND1_132_1,0,0,  0.00
GEN_171189_RIHND1_132_2,0,0,  0.00
GEN_171189_RIHND1_132_3,0,0,  0.00
GEN_171189_RIHND1_132_4,0,0,  0.00
GEN_171189_RIHND1_132_5,0,0,  0.00
GEN_171189_RIHND1_132_6,0,0,  0.00
GEN_171610_KHAMBAKH_132_1,2.4,8.48,389.00
GEN_171610_KHAMBAKH_132_2,2.4,8.48,389.00
GEN_171627_UTRAULA_132_1,2.4,8.48,389.00
GEN_171627_UTRAULA_132_2,2.4,8.48,389.00
GEN_171663_MAQSUDPR_132_1,2.4,8.48,389.00
GEN_171663_MAQSUDPR_132_2,2.4,8.48,389.00
GEN_171666_BARKHER_132_1,2.4,8.48,389.00
GEN_171666_BARKHER_132_2,2.4,8.48,389.00
GEN_171668_KUNDARK_132_1,2.4,8.48,389.00
GEN_171668_KUNDARK_132_2,2.4,8.48,389.00
GEN_171700_AKBCHIN_132_1,2.4,8.48,389.00
GEN_171701_BALRCHIN_132_1,2.4,8.48,389.00
GEN_171702_DCM01_132_1,2.4,8.48,389.00
GEN_171703_HAIDER01_132_1,2.4,8.48,389.00
GEN_171704_LHSUGAR0_132_1,2.4,8.48,389.00
GEN_171705_MANCHIN_132_1,2.4,8.48,389.00
GEN_171706_RAUCHIN_132_1,2.4,8.48,389.00
GEN_171707_TRIVEN01_132_1,2.4,8.48,389.00
GEN_171708_TRIVEN02_132_1,2.4,8.48,389.00
GEN_171709_KUMBH_132_1,2.4,8.48,389.00
GEN_171710_GULARI01_132_1,2.4,8.48,389.00
GEN_171711_JKSUGAR_132_1,2.4,8.48,389.00
GEN_171712_MAWANA01_132_1,2.4,8.48,389.00
GEN_171713_MAWANA02_132_1,2.4,8.48,389.00
GEN_171714_MAWANA03_132_1,2.4,8.48,389.00
GEN_171715_SBECBIO_132_1,2.4,8.48,389.00
GEN_171716_SIMBHO01_132_1,2.4,8.48,389.00
GEN_171717_SIMBHO02_132_1,2.4,8.48,389.00
GEN_171719_OUDH_132_1,2.4,8.48,389.00
GEN_171720_DALMI01_132_1,2.4,8.48,389.00
GEN_171721_DALMI02_132_1,2.4,8.48,389.00
GEN_171722_DALMI03_132_1,2.4,8.48,389.00
GEN_171723_KMSAGA_132_1,2.4,8.48,389.00
GEN_171724_DWARIK01_132_1,2.4,8.48,389.00
GEN_171725_DWARIK02_132_1,2.4,8.48,389.00
GEN_171726_SUKHBI_132_1,2.4,8.48,389.00
GEN_171728_BAJAJ02_132_1,2.4,8.48,389.00
GEN_171729_BAJAJ03_132_1,2.4,8.48,389.00
GEN_171730_BAJAJ04_132_1,2.4,8.48,389.00
GEN_171732_BAJAJ06_132_1,2.4,8.48,389.00
GEN_171733_BAJAJ07_132_1,2.4,8.48,389.00
GEN_171734_BAJAJ08_132_1,2.4,8.48,389.00
GEN_171735_BAJAJ09_132_1,2.4,8.48,389.00
GEN_171736_BAJAJ10_132_1,2.4,8.48,389.00
GEN_171737_DCM02_132_1,2.4,8.48,389.00
GEN_171738_DCM03_132_1,2.4,8.48,389.00
GEN_171739_UTTAM01_132_1,2.4,8.48,389.00
GEN_171740_UTTAM02_132_1,2.4,8.48,389.00
GEN_171741_DHAMPU01_132_1,2.4,8.48,389.00
GEN_171742_DHAMPU02_132_1,2.4,8.48,389.00
GEN_171743_DHAMPU03_132_1,2.4,8.48,389.00
GEN_171744_UPPERG_132_1,2.4,8.48,389.00
GEN_171745_CHADA_132_1,2.4,8.48,389.00
GEN_171746_DAURAL_132_1,2.4,8.48,389.00
GEN_171747_PARLE01_132_1,2.4,8.48,389.00
GEN_171748_NEWIND_132_1,2.4,8.48,389.00
GEN_171749_PARLE02_132_1,2.4,8.48,389.00
GEN_171750_LHSUGAR0_132_1,2.4,8.48,389.00
GEN_171751_GULARI02_132_1,2.4,8.48,389.00
GEN_171752_HAIDER02_132_1,2.4,8.48,389.00
GEN_171753_DCM04_132_1,2.4,8.48,389.00
GEN_172227_ROSA-TP1_220_1,5.091602,11.69,404.00
GEN_172227_ROSA-TP1_220_2,5.091602,11.69,404.00
GEN_172247_KHARA2_220_1,0,0,  0.00
GEN_172247_KHARA2_220_2,0,0,  0.00
GEN_172247_KHARA2_220_3,0,0,  0.00
GEN_172257_HARDUGN2_220_5,36.41,13.63,404.00
GEN_172257_HARDUGN2_220_7,100,8.536258,404.00
GEN_172257_HARDUGN2_220_8,5.091602,77.84,404.00
GEN_172257_HARDUGN2_220_9,5.091602,77.84,404.00
GEN_172263_PARICHA2_220_1,5.091602,11.74,404.00
GEN_172263_PARICHA2_220_2,100,8.536258,404.00
GEN_172263_PARICHA2_220_3,1.92,4.78,404.00
GEN_172263_PARICHA2_220_4,5.091602,26.59,404.00
GEN_172265_PANKI2_220_1,20.5,16.21,404.00
GEN_172265_PANKI2_220_2,5.091602,20.12,404.00
GEN_172271_OBRA2_220_1,100,8.536258,404.00
GEN_172271_OBRA2_220_2,5.091602,85.61,404.00
GEN_172271_OBRA2_220_3,0.56,17.47,404.00
GEN_172271_OBRA2_220_4,5.091602,12.44,404.00
GEN_172286_TANDA2_220_1,36.49,0.06,404.00
GEN_172286_TANDA2_220_2,5.091602,2.47,404.00
GEN_172286_TANDA2_220_3,5.091602,3.88,404.00
GEN_172286_TANDA2_220_4,5.091602,2.69,404.00
GEN_174000_MEJA_400_1,3.26,22.39,404.00
GEN_174000_MEJA_400_2,3.26,22.39,404.00
GEN_174263_BARA_400_1,3.26,22.39,404.00
GEN_174263_BARA_400_2,3.26,22.39,404.00
GEN_174263_BARA_400_3,3.26,22.39,404.00
GEN_174264_KARCHNA_400_1,13.0319300322581,12.6760811612903,404.00
GEN_174264_KARCHNA_400_2,13.0319300322581,12.6760811612903,404.00
GEN_174408_PARICHHA_400_5,5.091602,11.74,404.00
GEN_174408_PARICHHA_400_6,5.091602,11.74,404.00
GEN_174447_VISHNU4_400_1,0,0,  0.00
GEN_174447_VISHNU4_400_2,0,0,  0.00
GEN_174447_VISHNU4_400_3,0,0,  0.00
GEN_174447_VISHNU4_400_4,0,0,  0.00
GEN_174468_ANPARA4_400_1,5.091602,4.66,404.00
GEN_174468_ANPARA4_400_2,5.091602,3.85,404.00
GEN_174468_ANPARA4_400_3,5.091602,4.8,404.00
GEN_174468_ANPARA4_400_4,11.58,2.68,404.00
GEN_174468_ANPARA4_400_5,11.58,2.68,404.00
GEN_174471_ROSA-TP2_400_3,5.091602,84.01,404.00
GEN_174471_ROSA-TP2_400_4,5.091602,8.536258,404.00
GEN_174472_OBRA4_400_5,23.73,13.35,404.00
GEN_174472_OBRA4_400_6,2.62,15.28,404.00
GEN_174472_OBRA4_400_7,72.44,3.39,404.00
GEN_174472_OBRA4_400_8,5.091602,28.08,404.00
GEN_174472_OBRA4_400_9,8.7,8.17,404.00
GEN_174565_TANDA2_400_1,3.26,22.39,404.00
GEN_174565_TANDA2_400_2,3.26,22.39,404.00
GEN_177405_ANPARAC_765_1,6.52,20.588,404.00
GEN_177405_ANPARAC_765_2,6.52,20.588,404.00
GEN_177406_ANPARA-D_765_1,6.52,20.588,404.00
GEN_177406_ANPARA-D_765_2,6.52,20.588,404.00
GEN_178710_LALITPUR_765_1,3.26,22.39,404.00
GEN_178710_LALITPUR_765_2,3.26,22.39,404.00
GEN_178710_LALITPUR_765_3,3.26,22.39,404.00
GEN_181100_SEWA-II_132_1,0,0,  0.00
GEN_181100_SEWA-II_132_2,0,0,  0.00
GEN_181100_SEWA-II_132_3,0,0,  0.00
GEN_181111_MALAN-II_132_1,0,0,  0.00
GEN_181111_MALAN-II_132_2,0,0,  0.00
GEN_181126_GANGUWAL_132_1,0,0,  0.00
GEN_181126_GANGUWAL_132_2,0,0,  0.00
GEN_181126_GANGUWAL_132_3,0,0,  0.00
GEN_181135_KOTLA_132_1,0,0,  0.00
GEN_181135_KOTLA_132_2,0,0,  0.00
GEN_181135_KOTLA_132_3,0,0,  0.00
GEN_182201_BAIRASIUL2_220_1,0,0,  0.00
GEN_182201_BAIRASIUL2_220_2,0,0,  0.00
GEN_182201_BAIRASIUL2_220_3,0,0,  0.00
GEN_182202_ADHYDRO_220_1,0,0,  0.00
GEN_182202_ADHYDRO_220_2,0,0,  0.00
GEN_182204_SORANG_400_1,0,0,  0.00
GEN_182204_SORANG_400_2,0,0,  0.00
GEN_182214_PONG_220_1,0,0,  0.00
GEN_182214_PONG_220_2,0,0,  0.00
GEN_182214_PONG_220_3,0,0,  0.00
GEN_182214_PONG_220_4,0,0,  0.00
GEN_182214_PONG_220_5,0,0,  0.00
GEN_182214_PONG_220_6,0,0,  0.00
GEN_182216_BHAKRA_L_220_3,0,0,  0.00
GEN_182216_BHAKRA_L_220_4,0,0,  0.00
GEN_182216_BHAKRA_L_220_5,0,0,  0.00
GEN_182217_BHAKRA_R_220_1,0,0,  0.00
GEN_182217_BHAKRA_R_220_2,0,0,  0.00
GEN_182217_BHAKRA_R_220_3,0,0,  0.00
GEN_182217_BHAKRA_R_220_4,0,0,  0.00
GEN_182217_BHAKRA_R_220_5,0,0,  0.00
GEN_182218_DEHAR_220_1,0,0,  0.00
GEN_182218_DEHAR_220_2,0,0,  0.00
GEN_182219_BALLABGARH_220_1,5.091602,8.536258,404.00
GEN_182219_BALLABGARH_220_2,5.091602,8.536258,404.00
GEN_182219_BALLABGARH_220_3,5.091602,8.536258,404.00
GEN_182227_SALAL2_220_1,0,0,  0.00
GEN_182227_SALAL2_220_2,0,0,  0.00
GEN_182227_SALAL2_220_3,0,0,  0.00
GEN_182227_SALAL2_220_4,0,0,  0.00
GEN_182227_SALAL2_220_5,0,0,  0.00
GEN_182227_SALAL2_220_6,0,0,  0.00
GEN_182229_TANAKPUR2_220_1,0,0,  0.00
GEN_182229_TANAKPUR2_220_2,0,0,  0.00
GEN_182229_TANAKPUR2_220_3,0,0,  0.00
GEN_182234_AURYA2_220_G1,22.06443379,22.06443379,389.00
GEN_182234_AURYA2_220_G2,22.06443379,22.06443379,389.00
GEN_182234_AURYA2_220_G3,22.06443379,22.06443379,389.00
GEN_182234_AURYA2_220_G4,22.06443379,22.06443379,389.00
GEN_182234_AURYA2_220_S1,22.06443379,22.06443379,389.00
GEN_182234_AURYA2_220_S2,22.06443379,22.06443379,389.00
GEN_182236_ANTA2_220_G1,22.06443379,22.06443379,389.00
GEN_182236_ANTA2_220_G2,22.06443379,22.06443379,389.00
GEN_182236_ANTA2_220_G3,22.06443379,22.06443379,389.00
GEN_182236_ANTA2_220_S1,22.06443379,22.06443379,389.00
GEN_182238_DADRI_G2_220_G1,22.06443379,22.06443379,389.00
GEN_182238_DADRI_G2_220_G2,22.06443379,22.06443379,389.00
GEN_182238_DADRI_G2_220_G3,22.06443379,22.06443379,389.00
GEN_182238_DADRI_G2_220_G4,22.06443379,22.06443379,389.00
GEN_182238_DADRI_G2_220_S1,22.06443379,22.06443379,389.00
GEN_182238_DADRI_G2_220_S2,22.06443379,22.06443379,389.00
GEN_182262_RAPS_B2_220_3,20,10,435.00
GEN_182262_RAPS_B2_220_4,20,10,435.00
GEN_182267_UNCHAHR2_220_1,4.03,0.88,404.00
GEN_182267_UNCHAHR2_220_2,7.13,1.62,404.00
GEN_182267_UNCHAHR2_220_3,2.58,1.8,404.00
GEN_182267_UNCHAHR2_220_4,10.58,2.28,404.00
GEN_182267_UNCHAHR2_220_5,5.091602,0.12,404.00
GEN_182907_DADRI_TH_220_1,5.091602,0.78,404.00
GEN_182907_DADRI_TH_220_2,5.091602,1.58,404.00
GEN_182907_DADRI_TH_220_3,4.78,7.49,404.00
GEN_182907_DADRI_TH_220_4,9.19,2.04,404.00
GEN_182907_DADRI_TH_220_SW,5.091602,4.31,404.00
GEN_182921_BADARPR2_220_1,5.69,4.08,404.00
GEN_182921_BADARPR2_220_2,4.88,5.3,404.00
GEN_182921_BADARPR2_220_3,5.35,8.36,404.00
GEN_182921_BADARPR2_220_4,15.38,3.45,404.00
GEN_182921_BADARPR2_220_5,5.091602,6.77,404.00
GEN_182922_FARIDAB2_220_G1,22.06443379,22.06443379,389.00
GEN_182922_FARIDAB2_220_G2,22.06443379,22.06443379,389.00
GEN_182922_FARIDAB2_220_S1,22.06443379,22.06443379,389.00
GEN_182927_NAPP2_220_1,20,10,435.00
GEN_182927_NAPP2_220_2,20,10,435.00
GEN_182928_CHAMER-3_220_1,0,0,  0.00
GEN_182928_CHAMER-3_220_2,0,0,  0.00
GEN_182928_CHAMER-3_220_3,0,0,  0.00
GEN_182929_KUTEHR_220_1,0,0,  0.00
GEN_182929_KUTEHR_220_2,0,0,  0.00
GEN_182929_KUTEHR_220_3,0,0,  0.00
GEN_182929_KUTEHR_220_4,0,0,  0.00
GEN_184067_UNCHAHAAR_400_1,13.0319300322581,12.6760811612903,404.00
GEN_184400_JHAJJAR4_400_1,5.091602,31.6,404.00
GEN_184400_JHAJJAR4_400_2,5.091602,31.6,404.00
GEN_184400_JHAJJAR4_400_3,5.091602,31.6,404.00
GEN_184401_CHAMERA-2_400_1,0,0,  0.00
GEN_184401_CHAMERA-2_400_2,0,0,  0.00
GEN_184401_CHAMERA-2_400_3,0,0,  0.00
GEN_184405_RAPS_C4_400_5,20,10,435.00
GEN_184405_RAPS_C4_400_6,20,10,435.00
GEN_184411_CHAMERA-1_400_1,0,0,  0.00
GEN_184411_CHAMERA-1_400_2,0,0,  0.00
GEN_184411_CHAMERA-1_400_3,0,0,  0.00
GEN_184414_URIG-1_400_1,0,0,  0.00
GEN_184414_URIG-1_400_2,0,0,  0.00
GEN_184414_URIG-1_400_3,0,0,  0.00
GEN_184414_URIG-1_400_4,0,0,  0.00
GEN_184416_RIHAND-G_400_1,5.091602,1.18,404.00
GEN_184416_RIHAND-G_400_2,5.091602,2.63,404.00
GEN_184416_RIHAND-G_400_3,8.93,1.96,404.00
GEN_184416_RIHAND-G_400_4,7.99,2,404.00
GEN_184418_DULHASTI_400_1,0,0,  0.00
GEN_184418_DULHASTI_400_2,0,0,  0.00
GEN_184418_DULHASTI_400_3,0,0,  0.00
GEN_184419_DEHAR_400_3,0,0,  0.00
GEN_184419_DEHAR_400_4,0,0,  0.00
GEN_184419_DEHAR_400_5,0,0,  0.00
GEN_184419_DEHAR_400_6,0,0,  0.00
GEN_184424_DADR-NCR_400_5,5.091602,4.31,404.00
GEN_184424_DADR-NCR_400_6,5.091602,1.49,404.00
GEN_184440_KOLDAM_400_1,0,0,  0.00
GEN_184440_KOLDAM_400_2,0,0,  0.00
GEN_184440_KOLDAM_400_3,0,0,  0.00
GEN_184440_KOLDAM_400_4,0,0,  0.00
GEN_184446_RIHNDEXT_400_5,6.9,6.74,404.00
GEN_184446_RIHNDEXT_400_6,6.9,6.74,404.00
GEN_184452_KOTESHWA_400_1,0,0,  0.00
GEN_184452_KOTESHWA_400_2,0,0,  0.00
GEN_184452_KOTESHWA_400_3,0,0,  0.00
GEN_184452_KOTESHWA_400_4,0,0,  0.00
GEN_184453_URIG-2_400_1,0,0,  0.00
GEN_184453_URIG-2_400_2,0,0,  0.00
GEN_184453_URIG-2_400_3,0,0,  0.00
GEN_184453_URIG-2_400_4,0,0,  0.00
GEN_184456_KARCHAMW_400_1,0,0,  0.00
GEN_184456_KARCHAMW_400_2,0,0,  0.00
GEN_184456_KARCHAMW_400_3,0,0,  0.00
GEN_184456_KARCHAMW_400_4,0,0,  0.00
GEN_184458_SHRECEM_400_1,8.944857143,29.67585714,404.00
GEN_184458_SHRECEM_400_2,8.944857143,29.67585714,404.00
GEN_184470_PARBT-II_400_1,0,0,  0.00
GEN_184470_PARBT-II_400_2,0,0,  0.00
GEN_184470_PARBT-II_400_3,0,0,  0.00
GEN_184470_PARBT-II_400_4,0,0,  0.00
GEN_184471_PARBTI-3_400_1,0,0,  0.00
GEN_184471_PARBTI-3_400_2,0,0,  0.00
GEN_184471_PARBTI-3_400_3,0,0,  0.00
GEN_184471_PARBTI-3_400_4,0,0,  0.00
GEN_184478_RAMPUR_400_1,0,0,  0.00
GEN_184478_RAMPUR_400_2,0,0,  0.00
GEN_184478_RAMPUR_400_3,0,0,  0.00
GEN_184478_RAMPUR_400_4,0,0,  0.00
GEN_184478_RAMPUR_400_5,0,0,  0.00
GEN_184478_RAMPUR_400_6,0,0,  0.00
GEN_184485_BAJOLIHOLI_400_1,0,0,  0.00
GEN_184485_BAJOLIHOLI_400_2,0,0,  0.00
GEN_184485_BAJOLIHOLI_400_3,0,0,  0.00
GEN_184499_TEHRI4_400_1,0,0,  0.00
GEN_184499_TEHRI4_400_2,0,0,  0.00
GEN_184499_TEHRI4_400_3,0,0,  0.00
GEN_184499_TEHRI4_400_4,0,0,  0.00
GEN_184499_TEHRI4_400_5,0,0,  0.00
GEN_184499_TEHRI4_400_6,0,0,  0.00
GEN_184499_TEHRI4_400_7,0,0,  0.00
GEN_184499_TEHRI4_400_8,0,0,  0.00
GEN_184540_RATLE_400_1,0,0,  0.00
GEN_184540_RATLE_400_2,0,0,  0.00
GEN_184540_RATLE_400_3,0,0,  0.00
GEN_184540_RATLE_400_4,0,0,  0.00
GEN_184572_TANGU-ROMAI1_400_1,0,0,  0.00
GEN_184572_TANGU-ROMAI1_400_2,0,0,  0.00
GEN_184579_MIYAR_400_1,0,0,  0.00
GEN_184579_MIYAR_400_2,0,0,  0.00
GEN_184903_NATHPA4_400_1,0,0,  0.00
GEN_184903_NATHPA4_400_2,0,0,  0.00
GEN_184903_NATHPA4_400_3,0,0,  0.00
GEN_184903_NATHPA4_400_4,0,0,  0.00
GEN_184903_NATHPA4_400_5,0,0,  0.00
GEN_184903_NATHPA4_400_6,0,0,  0.00
GEN_184923_SINGRL4_400_1,5.091602,6.53,404.00
GEN_184923_SINGRL4_400_2,13.51,4.73,404.00
GEN_184923_SINGRL4_400_3,5.091602,10,404.00
GEN_184923_SINGRL4_400_4,7.8,0.68,404.00
GEN_184923_SINGRL4_400_5,5.57,5.12,404.00
GEN_184923_SINGRL4_400_6,5.091602,6,404.00
GEN_184923_SINGRL4_400_7,8.54,1.97,404.00
GEN_186015_BHAKRA-L_66_1,0,0,  0.00
GEN_186015_BHAKRA-L_66_2,0,0,  0.00
GEN_191123_DHAKRANI_132_1,0,0,  0.00
GEN_191123_DHAKRANI_132_2,0,0,  0.00
GEN_191123_DHAKRANI_132_3,0,0,  0.00
GEN_191137_KHATIMAH_132_1,0,0,  0.00
GEN_191137_KHATIMAH_132_2,0,0,  0.00
GEN_191137_KHATIMAH_132_3,0,0,  0.00
GEN_191191_KALAGARH_132_1,0,0,  0.00
GEN_191191_KALAGARH_132_2,0,0,  0.00
GEN_191191_KALAGARH_132_3,0,0,  0.00
GEN_191195_CHILLA-H_132_1,0,0,  0.00
GEN_191195_CHILLA-H_132_2,0,0,  0.00
GEN_191195_CHILLA-H_132_3,0,0,  0.00
GEN_191195_CHILLA-H_132_4,0,0,  0.00
GEN_191197_KULHALHE_132_1,0,0,  0.00
GEN_191197_KULHALHE_132_2,0,0,  0.00
GEN_191197_KULHALHE_132_3,0,0,  0.00
GEN_191903_DHALIPUR_132_1,0,0,  0.00
GEN_191903_DHALIPUR_132_2,0,0,  0.00
GEN_191903_DHALIPUR_132_3,0,0,  0.00
GEN_192050_JOSHIMATH_220_1,0,0,  0.00
GEN_192051_ALAKNANDA_220_1,0,0,  0.00
GEN_192053_KOTLIBHEL_220_1,0,0,  0.00
GEN_192055_LATATAPOVAN_220_1,0,0,  0.00
GEN_192055_LATATAPOVAN_220_2,0,0,  0.00
GEN_192055_LATATAPOVAN_220_3,0,0,  0.00
GEN_192058_SBHATWARI_220_1,0,0,  0.00
GEN_192059_PHATABYUNG_220_1,0,0,  0.00
GEN_192059_PHATABYUNG_220_2,0,0,  0.00
GEN_192253_BHILANGA_220_1,0,0,  0.00
GEN_192253_BHILANGA_220_2,0,0,  0.00
GEN_192253_BHILANGA_220_3,0,0,  0.00
GEN_192292_SHRAVANT_220_1,0,0,  0.00
GEN_192292_SHRAVANT_220_2,0,0,  0.00
GEN_192292_SHRAVANT_220_3,0,0,  0.00
GEN_192298_MANERI_2_220_1,0,0,  0.00
GEN_192298_MANERI_2_220_2,0,0,  0.00
GEN_192298_MANERI_2_220_3,0,0,  0.00
GEN_192298_MANERI_2_220_4,0,0,  0.00
GEN_192299_CHIBRO-H_220_1,0,0,  0.00
GEN_192299_CHIBRO-H_220_2,0,0,  0.00
GEN_192299_CHIBRO-H_220_3,0,0,  0.00
GEN_192299_CHIBRO-H_220_4,0,0,  0.00
GEN_192600_MANERI_1_220_1,0,0,  0.00
GEN_192600_MANERI_1_220_2,0,0,  0.00
GEN_192600_MANERI_1_220_3,0,0,  0.00
GEN_192902_KHODRIHE_220_1,0,0,  0.00
GEN_192902_KHODRIHE_220_2,0,0,  0.00
GEN_192902_KHODRIHE_220_3,0,0,  0.00
GEN_192902_KHODRIHE_220_4,0,0,  0.00
GEN_194056_TPVNVISHNUGD_400_1,0,0,  0.00
GEN_194056_TPVNVISHNUGD_400_2,0,0,  0.00
GEN_194056_TPVNVISHNUGD_400_3,0,0,  0.00
GEN_194056_TPVNVISHNUGD_400_4,0,0,  0.00
GEN_194060_SRAVANTHI_400_1,0,0,  0.00
GEN_194410_SRINAGAR-HEP_400_1,0,0,  0.00
GEN_194410_SRINAGAR-HEP_400_2,0,0,  0.00
GEN_194410_SRINAGAR-HEP_400_3,0,0,  0.00
GEN_194410_SRINAGAR-HEP_400_4,0,0,  0.00
GEN_211145_KHANDONG1_132_1,0,0,  0.00
GEN_211145_KHANDONG1_132_2,0,0,  0.00
GEN_211350_PAILAPOL1_132_1,30,0,256.00
GEN_211350_PAILAPOL1_132_2,6.370163934,24.71016393,404.00
GEN_211370_DULLAVCH1_132_1,0,0,  0.00
GEN_211370_DULLAVCH1_132_2,0,0,  0.00
GEN_211450_LTPS1_132_1,30,0,256.00
GEN_211450_LTPS1_132_2,30,0,256.00
GEN_211450_LTPS1_132_3,30,0,256.00
GEN_211450_LTPS1_132_4,30,0,256.00
GEN_211450_LTPS1_132_5,30,0,256.00
GEN_211450_LTPS1_132_6,30,0,256.00
GEN_211450_LTPS1_132_7,30,0,256.00
GEN_211450_LTPS1_132_8,5.091602,8.536258,404.00
GEN_211460_NTPS1_132_1,30,0,256.00
GEN_211460_NTPS1_132_2,30,0,256.00
GEN_211460_NTPS1_132_3,30,0,256.00
GEN_211460_NTPS1_132_4,30,0,256.00
GEN_211460_NTPS1_132_5,30,0,389.00
GEN_211460_NTPS1_132_6,30,0,256.00
GEN_212001_AGBPP2-AS_220_1,30,0,389.00
GEN_212001_AGBPP2-AS_220_2,30,0,389.00
GEN_212001_AGBPP2-AS_220_3,30,0,389.00
GEN_212001_AGBPP2-AS_220_4,30,0,389.00
GEN_212001_AGBPP2-AS_220_5,30,0,389.00
GEN_212001_AGBPP2-AS_220_6,30,0,389.00
GEN_212001_AGBPP2-AS_220_7,30,0,389.00
GEN_212001_AGBPP2-AS_220_8,30,0,389.00
GEN_212001_AGBPP2-AS_220_9,30,0,389.00
GEN_212150_KOPILI2_220_1,0,0,  0.00
GEN_212150_KOPILI2_220_2,0,0,  0.00
GEN_212150_KOPILI2_220_3,0,0,  0.00
GEN_212150_KOPILI2_220_4,0,0,  0.00
GEN_212440_LANGPI1_220_1,0,0,  0.00
GEN_212440_LANGPI1_220_2,0,0,  0.00
GEN_214051_BTPS4_400_1,0.628461538,22.63076923,404.00
GEN_214051_BTPS4_400_2,0.628461538,22.63076923,404.00
GEN_221150_PARE_132_1,0,0,  0.00
GEN_221150_PARE_132_2,0,0,  0.00
GEN_221460_RANGNADI1_132_1,0,0,  0.00
GEN_221460_RANGNADI1_132_2,0,0,  0.00
GEN_221460_RANGNADI1_132_3,0,0,  0.00
GEN_224004_NYAMJUNGCHU_400_1,0,0,  0.00
GEN_224004_NYAMJUNGCHU_400_2,0,0,  0.00
GEN_224004_NYAMJUNGCHU_400_3,0,0,  0.00
GEN_224004_NYAMJUNGCHU_400_4,0,0,  0.00
GEN_224004_NYAMJUNGCHU_400_5,0,0,  0.00
GEN_224323_KAMENG_400_1,0,0,  0.00
GEN_224323_KAMENG_400_2,0,0,  0.00
GEN_224325_L-SUBANSRI_400_1,0,0,  0.00
GEN_224325_L-SUBANSRI_400_2,0,0,  0.00
GEN_224325_L-SUBANSRI_400_3,0,0,  0.00
GEN_224325_L-SUBANSRI_400_4,0,0,  0.00
GEN_224325_L-SUBANSRI_400_5,0,0,  0.00
GEN_224325_L-SUBANSRI_400_6,0,0,  0.00
GEN_224325_L-SUBANSRI_400_7,0,0,  0.00
GEN_224325_L-SUBANSRI_400_8,0,0,  0.00
GEN_224414_ATHENADEMWE_400_1,0,0,  0.00
GEN_224414_ATHENADEMWE_400_2,0,0,  0.00
GEN_224414_ATHENADEMWE_400_3,0,0,  0.00
GEN_224414_ATHENADEMWE_400_4,0,0,  0.00
GEN_224414_ATHENADEMWE_400_5,0,0,  0.00
GEN_231000_UMTRU1_132_1,0,0,  0.00
GEN_231000_UMTRU1_132_2,0,0,  0.00
GEN_231000_UMTRU1_132_3,0,0,  0.00
GEN_231000_UMTRU1_132_4,0,0,  0.00
GEN_231010_UMIAM1-1_132_1,0,0,  0.00
GEN_231010_UMIAM1-1_132_2,0,0,  0.00
GEN_231010_UMIAM1-1_132_3,0,0,  0.00
GEN_231010_UMIAM1-1_132_4,0,0,  0.00
GEN_231020_UMIAM2-1_132_1,0,0,  0.00
GEN_231020_UMIAM2-1_132_2,0,0,  0.00
GEN_231030_UMIAM3-1_132_1,0,0,  0.00
GEN_231030_UMIAM3-1_132_2,0,0,  0.00
GEN_231040_UMIAM4-1_132_1,0,0,  0.00
GEN_231040_UMIAM4-1_132_2,0,0,  0.00
GEN_231150_ADHUNIK1_132_1,6.370163934,24.71016393,404.00
GEN_231280_LESHKA1_132_1,0,0,  0.00
GEN_231280_LESHKA1_132_2,0,0,  0.00
GEN_231280_LESHKA1_132_3,0,0,  0.00
GEN_231410_MPL_132_1,5.091602,8.536258,404.00
GEN_231410_MPL_132_2,5.091602,8.536258,404.00
GEN_241510_DOYANG1_132_1,0,0,  0.00
GEN_241510_DOYANG1_132_2,0,0,  0.00
GEN_241510_DOYANG1_132_3,0,0,  0.00
GEN_246100_LIKIMARO1_66_1,0,0,  0.00
GEN_246100_LIKIMARO1_66_2,0,0,  0.00
GEN_246100_LIKIMARO1_66_3,0,0,  0.00
GEN_251080_LOKTAK1_132_1,0,0,  0.00
GEN_251080_LOKTAK1_132_2,0,0,  0.00
GEN_251080_LOKTAK1_132_3,0,0,  0.00
GEN_261020_KOLASIB1_132_1,0,0,  0.00
GEN_261020_KOLASIB1_132_2,0,0,  0.00
GEN_261020_KOLASIB1_132_3,0,0,  0.00
GEN_261080_BAIRABI1_132_1,6.370163934,24.71016393,404.00
GEN_271080_TELIMURA1_132_1,5.091602,8.536258,404.00
GEN_271080_TELIMURA1_132_2,5.091602,8.536258,404.00
GEN_271080_TELIMURA1_132_3,5.091602,8.536258,404.00
GEN_271120_AGTPP1_132_1,30,0,389.00
GEN_271120_AGTPP1_132_2,30,0,389.00
GEN_271120_AGTPP1_132_3,30,0,389.00
GEN_271120_AGTPP1_132_4,30,0,389.00
GEN_271120_AGTPP1_132_5,30,0,389.00
GEN_271120_AGTPP1_132_6,30,0,389.00
GEN_271340_ROKHIA1_132_1,30,0,256.00
GEN_271340_ROKHIA1_132_2,30,0,256.00
GEN_271340_ROKHIA1_132_3,30,0,256.00
GEN_271600_MONARCHAK1_132_1,30,0,256.00
GEN_274080_PALATAN4_400_1,30,0,389.00
GEN_274080_PALATAN4_400_2,30,0,389.00
GEN_276360_ROKHIA6_66_1,30,0,256.00
GEN_276360_ROKHIA6_66_2,30,0,256.00
GEN_276400_GUMTI6_66_1,0,0,  0.00
GEN_276400_GUMTI6_66_2,0,0,  0.00
GEN_276400_GUMTI6_66_3,0,0,  0.00
GEN_276430_BARAMRA6_66_1,30,0,256.00
GEN_276430_BARAMRA6_66_2,30,0,256.00
GEN_281104_KURICHU1_132_1,0,0,  0.00
GEN_281104_KURICHU1_132_2,0,0,  0.00
GEN_281104_KURICHU1_132_3,0,0,  0.00
GEN_281104_KURICHU1_132_4,0,0,  0.00
GEN_282205_DAGACHU2_220_1,0,0,  0.00
GEN_282205_DAGACHU2_220_2,0,0,  0.00
GEN_311004_HASDE1_132_1,0,0,  0.00
GEN_311004_HASDE1_132_2,0,0,  0.00
GEN_311004_HASDE1_132_3,0,0,  0.00
GEN_311012_RAIGARH_132_1,6.370163934,24.71016393,404.00
GEN_311012_RAIGARH_132_2,6.370163934,24.71016393,404.00
GEN_311014_SILTARA_132_1,4.072759,4.329443,107.00
GEN_311034_KVK_132_1,4.072759,4.329443,107.00
GEN_311035_ARASMETA_132_1,6.370163934,24.71016393,404.00
GEN_311041_MONNET_R_132_1,6.370163934,24.71016393,404.00
GEN_311044_BAGRANG_132_1,2.4,8.48,389.00
GEN_311057_MAHA-CL_132_1,2.4,8.48,389.00
GEN_311084_SKS_132_1,6.370163934,24.71016393,404.00
GEN_311085_JAGDMBA_132_1,2.4,8.48,389.00
GEN_311086_GODVRI-P_132_1,2.4,8.48,389.00
GEN_311087_VANDANA_132_1,4.072759,4.329443,107.00
GEN_311088_NAKODA_132_1,2.4,8.48,389.00
GEN_311089_SHARD-EN_132_1,2.4,8.48,389.00
GEN_311092_HIRA-PL_132_1,2.4,8.48,389.00
GEN_311092_HIRA-PL_132_2,2.4,8.48,389.00
GEN_311092_HIRA-PL_132_3,2.4,8.48,389.00
GEN_311093_BAJRNG-P_132_1,2.4,8.48,389.00
GEN_311095_ARYAN-CL_132_1,6.370163934,24.71016393,404.00
GEN_311096_CSPL_132_1,2.4,8.48,389.00
GEN_311097_PIL_132_1,2.4,8.48,389.00
GEN_311103_MSP-STL_132_1,2.4,8.48,389.00
GEN_311105_RL-I-LTD_132_1,2.4,8.48,389.00
GEN_311113_MONNET-M_132_1,6.370163934,24.71016393,404.00
GEN_311114_SALASAR_132_1,2.4,8.48,389.00
GEN_311115_SPECTRUM-CL_132_1,6.370163934,24.71016393,404.00
GEN_311115_SPECTRUM-CL_132_2,6.370163934,24.71016393,404.00
GEN_312001_KORBE2_220_1,26.02,4.18,404.00
GEN_312001_KORBE2_220_2,7.54,4.46,404.00
GEN_312001_KORBE2_220_3,6.76,13.99,404.00
GEN_312001_KORBE2_220_4,11.01,2.71,404.00
GEN_312001_KORBE2_220_5,6.91,9.15,404.00
GEN_312001_KORBE2_220_6,5.091602,10.04,404.00
GEN_312003_KORBW2_220_1,26.02,4.18,404.00
GEN_312003_KORBW2_220_2,7.54,4.46,404.00
GEN_312011_SILTARA_220_1,4.072759,4.329443,107.00
GEN_312013_JINB2-2_220_4,5.309834254,10.32762431,404.00
GEN_312014_KORBAEXT_220_1,26.02,4.18,404.00
GEN_312014_KORBAEXT_220_2,7.54,4.46,404.00
GEN_312019_BALCO2_220_1,6.370163934,24.71016393,404.00
GEN_312019_BALCO2_220_2,6.370163934,24.71016393,404.00
GEN_312019_BALCO2_220_3,5.091602,26.40666667,404.00
GEN_312019_BALCO2_220_4,5.091602,26.40666667,404.00
GEN_312020_JSPCL2_220_1,0.628461538,22.63076923,404.00
GEN_312032_BALCO_220_1,5.091602,31.81571429,404.00
GEN_312035_DCPP_JS_220_1,8.929253731,29.35567164,404.00
GEN_312035_DCPP_JS_220_2,8.929253731,29.35567164,404.00
GEN_312036_DCPP_JS_220_1,8.929253731,29.35567164,404.00
GEN_312036_DCPP_JS_220_2,8.929253731,29.35567164,404.00
GEN_314001_KNTPC4_400_1,26.02,4.18,404.00
GEN_314001_KNTPC4_400_2,7.54,4.46,404.00
GEN_314001_KNTPC4_400_3,6.76,13.99,404.00
GEN_314001_KNTPC4_400_4,11.01,2.71,404.00
GEN_314001_KNTPC4_400_5,6.91,9.15,404.00
GEN_314001_KNTPC4_400_6,5.091602,10.04,404.00
GEN_314001_KNTPC4_400_7,3.74,15.08,404.00
GEN_314003_KORBW4_400_3,6.76,13.99,404.00
GEN_314003_KORBW4_400_4,11.01,2.71,404.00
GEN_314003_KORBW4_400_5,6.91,9.15,404.00
GEN_314007_NSPCL4_400_1,5.385480226,10.44824859,404.00
GEN_314007_NSPCL4_400_2,5.385480226,10.44824859,404.00
GEN_314009_KSKMAHNADI_400_1,2.95,19.55769231,404.00
GEN_314009_KSKMAHNADI_400_2,2.95,19.55769231,404.00
GEN_314009_KSKMAHNADI_400_3,2.95,19.55769231,404.00
GEN_314009_KSKMAHNADI_400_4,2.95,19.55769231,404.00
GEN_314009_KSKMAHNADI_400_5,2.95,19.55769231,404.00
GEN_314009_KSKMAHNADI_400_6,2.95,19.55769231,404.00
GEN_314010_PATH4_400_1,5.091602,7.59,404.00
GEN_314010_PATH4_400_2,5.091602,7.36,404.00
GEN_314012_MCCPL_400_1,0.628461538,22.63076923,404.00
GEN_314014_JIN4-B1_400_1,5.309834254,10.32762431,404.00
GEN_314014_JIN4-B1_400_2,5.309834254,10.32762431,404.00
GEN_314014_JIN4-B1_400_3,5.309834254,10.32762431,404.00
GEN_314018_ARYN_CBL_400_1,8.929253731,29.35567164,404.00
GEN_314018_ARYN_CBL_400_2,8.929253731,29.35567164,404.00
GEN_314019_BALCO_400_1,5.091602,26.40666667,404.00
GEN_314019_BALCO_400_2,5.091602,26.40666667,404.00
GEN_314020_VANDANA_400_1,8.944857143,29.67585714,404.00
GEN_314020_VANDANA_400_2,8.944857143,29.67585714,404.00
GEN_314022_MARWA_400_1,5.242,6.55425,404.00
GEN_314022_MARWA_400_2,5.242,6.55425,404.00
GEN_314023_KWPCL_400_1,3.26,22.39,404.00
GEN_314023_KWPCL_400_2,3.26,22.39,404.00
GEN_314026_DBPOWER_400_1,6.52,20.588,404.00
GEN_314026_DBPOWER_400_2,6.52,20.588,404.00
GEN_314027_JPL_EXTN_400_1,6.52,20.588,404.00
GEN_314027_JPL_EXTN_400_2,6.52,20.588,404.00
GEN_314027_JPL_EXTN_400_3,6.52,20.588,404.00
GEN_314027_JPL_EXTN_400_4,6.52,20.588,404.00
GEN_314039_RKM_400_1,0.628461538,22.63076923,404.00
GEN_314039_RKM_400_2,0.628461538,22.63076923,404.00
GEN_314039_RKM_400_3,0.628461538,22.63076923,404.00
GEN_314039_RKM_400_4,0.628461538,22.63076923,404.00
GEN_314040_ATHENA_400_1,7.24081143050704,17.5338977667606,404.00
GEN_314040_ATHENA_400_2,7.24081143050704,17.5338977667606,404.00
GEN_314041_SKS_400_1,5.091602,31.81571429,404.00
GEN_314041_SKS_400_2,5.091602,31.81571429,404.00
GEN_314041_SKS_400_3,5.091602,31.81571429,404.00
GEN_314041_SKS_400_4,5.091602,31.81571429,404.00
GEN_314042_VISAPOWER_400_1,7.24081143050704,17.5338977667606,404.00
GEN_314044_GMR_400_1,2.95,19.55769231,404.00
GEN_314044_GMR_400_2,2.95,19.55769231,404.00
GEN_314045_LARASTPP_400_1,3.29001411955556,17.7229914533333,404.00
GEN_314047_KPCL_400_1,3.29001411955556,17.7229914533333,404.00
GEN_318007_SIPAT7_765_1,5.091602,27.56,404.00
GEN_318007_SIPAT7_765_2,5.091602,1.71,404.00
GEN_318007_SIPAT7_765_3,5.75,1.08,404.00
GEN_318007_SIPAT7_765_4,5.091602,1.71,404.00
GEN_318007_SIPAT7_765_5,5.75,1.08,404.00
GEN_351008_DHUV1_132_G1,5.091602,8.536258,404.00
GEN_351008_DHUV1_132_G2,5.091602,8.536258,404.00
GEN_351008_DHUV1_132_G3,5.091602,8.536258,404.00
GEN_351008_DHUV1_132_G4,14.21868421,17.31078947,404.00
GEN_351008_DHUV1_132_G5,14.21868421,17.31078947,404.00
GEN_351015_SIKKA1_132_1,5.59,37.75,404.00
GEN_351015_SIKKA1_132_2,7.49,25.82,404.00
GEN_351023_AECOM1_132_C,31.36616048,31.36616048,389.00
GEN_351023_AECOM1_132_D,31.36616048,31.36616048,389.00
GEN_351023_AECOM1_132_E,31.36616048,31.36616048,389.00
GEN_351023_AECOM1_132_F,5.22,1.11,404.00
GEN_351023_AECOM1_132_G1,5.23,0.48,404.00
GEN_351023_AECOM1_132_G2,31.36616048,31.36616048,389.00
GEN_351023_AECOM1_132_G3,4.8,6.27,404.00
GEN_351024_GIPCL1_132_G1,31.36616048,31.36616048,389.00
GEN_351024_GIPCL1_132_G2,31.36616048,31.36616048,389.00
GEN_351024_GIPCL1_132_G3,31.36616048,31.36616048,389.00
GEN_351024_GIPCL1_132_G4,31.36616048,31.36616048,389.00
GEN_351024_GIPCL1_132_G5,31.36616048,31.36616048,389.00
GEN_351024_GIPCL1_132_G6,31.36616048,31.36616048,389.00
GEN_352002_GANCS2_220_G1,31.36616048,31.36616048,389.00
GEN_352002_GANCS2_220_G2,31.36616048,31.36616048,389.00
GEN_352002_GANCS2_220_G3,31.36616048,31.36616048,389.00
GEN_352002_GANCS2_220_GT,31.36616048,31.36616048,389.00
GEN_352004_WANAK2_220_1,15.15,19.8,404.00
GEN_352004_WANAK2_220_2,5.091602,8.88,404.00
GEN_352004_WANAK2_220_3,6.2,5.67,404.00
GEN_352007_UKAIT2_220_1,5.091602,22.87,404.00
GEN_352007_UKAIT2_220_2,10.73,7.25,404.00
GEN_352007_UKAIT2_220_3,4.92,4.76,404.00
GEN_352007_UKAIT2_220_4,5.76,6.49,404.00
GEN_352007_UKAIT2_220_5,7.05,10.45,404.00
GEN_352009_GPEC2_220_G1,31.36616048,31.36616048,389.00
GEN_352009_GPEC2_220_G2,31.36616048,31.36616048,389.00
GEN_352009_GPEC2_220_G3,31.36616048,31.36616048,389.00
GEN_352009_GPEC2_220_GT,31.36616048,31.36616048,389.00
GEN_352011_SSP2_220_1,0,0,  0.00
GEN_352011_SSP2_220_2,0,0,  0.00
GEN_352011_SSP2_220_3,0,0,  0.00
GEN_352011_SSP2_220_4,0,0,  0.00
GEN_352011_SSP2_220_5,0,0,  0.00
GEN_352015_MUNDRA2_220_1,5.091602,23.22,404.00
GEN_352015_MUNDRA2_220_2,4.35,11.67,404.00
GEN_352023_GANDHINGR_220_1,15.69,24.27,404.00
GEN_352023_GANDHINGR_220_2,6.89,19.11,404.00
GEN_352023_GANDHINGR_220_3,5.091602,11.06,404.00
GEN_352023_GANDHINGR_220_4,5.62,12.19,404.00
GEN_352023_GANDHINGR_220_5,6.42,3.67,404.00
GEN_352026_CHATR2_220_S2,2.96431333333333,21.6923958333333,404.00
GEN_352038_KADANAHPS_220_1,0,0,  0.00
GEN_352038_KADANAHPS_220_2,0,0,  0.00
GEN_352038_KADANAHPS_220_3,0,0,  0.00
GEN_352038_KADANAHPS_220_4,0,0,  0.00
GEN_352038_KADANAHPS_220_P_1,0,0,  0.00
GEN_352038_KADANAHPS_220_P_2,0,0,  0.00
GEN_352038_KADANAHPS_220_P_3,0,0,  0.00
GEN_352038_KADANAHPS_220_P_4,0,0,  0.00
GEN_352045_UKAIH2_220_1,0,0,  0.00
GEN_352045_UKAIH2_220_2,0,0,  0.00
GEN_352045_UKAIH2_220_3,0,0,  0.00
GEN_352045_UKAIH2_220_4,0,0,  0.00
GEN_352046_UTRAN2_220_G1,31.36616048,31.36616048,389.00
GEN_352046_UTRAN2_220_G2,31.36616048,31.36616048,389.00
GEN_352046_UTRAN2_220_G3,31.36616048,31.36616048,389.00
GEN_352046_UTRAN2_220_G4,31.36616048,31.36616048,389.00
GEN_352046_UTRAN2_220_G5,31.36616048,31.36616048,389.00
GEN_352046_UTRAN2_220_G6,31.36616048,31.36616048,389.00
GEN_352053_KUTCHLIG_220_1,6.370163934,24.71016393,404.00
GEN_352053_KUTCHLIG_220_2,6.370163934,24.71016393,404.00
GEN_352053_KUTCHLIG_220_3,6.370163934,24.71016393,404.00
GEN_352053_KUTCHLIG_220_4,6.370163934,24.71016393,404.00
GEN_352060_ESSAR2_220_G1,31.36616048,31.36616048,389.00
GEN_352060_ESSAR2_220_G2,31.36616048,31.36616048,389.00
GEN_352060_ESSAR2_220_G3,31.36616048,31.36616048,389.00
GEN_352060_ESSAR2_220_GT,31.36616048,31.36616048,389.00
GEN_352073_AKRIM_220_1,13.26,22.59,404.00
GEN_352073_AKRIM_220_2,13.06,27.52,404.00
GEN_352077_KAWAS2_220_G1,31.36616048,31.36616048,389.00
GEN_352077_KAWAS2_220_G2,31.36616048,31.36616048,389.00
GEN_352077_KAWAS2_220_G3,31.36616048,31.36616048,389.00
GEN_352077_KAWAS2_220_G4,31.36616048,31.36616048,389.00
GEN_352077_KAWAS2_220_G5,31.36616048,31.36616048,389.00
GEN_352077_KAWAS2_220_G6,31.36616048,31.36616048,389.00
GEN_352078_KAKRA2_220_1,15,5,435.00
GEN_352078_KAKRA2_220_2,15,5,435.00
GEN_352088_GSEG_220_G1,31.36616048,31.36616048,389.00
GEN_352088_GSEG_220_G2,31.36616048,31.36616048,389.00
GEN_352088_GSEG_220_GT,31.36616048,31.36616048,389.00
GEN_352090_GACL_220_1,31.36616048,31.36616048,389.00
GEN_352090_GACL_220_2,31.36616048,31.36616048,389.00
GEN_352090_GACL_220_GT,31.36616048,31.36616048,389.00
GEN_352095_SURATLIGNIT_220_1,11.55960784,25.20078431,404.00
GEN_352095_SURATLIGNIT_220_2,11.55960784,25.20078431,404.00
GEN_352095_SURATLIGNIT_220_3,11.55960784,25.20078431,404.00
GEN_352095_SURATLIGNIT_220_4,11.55960784,25.20078431,404.00
GEN_352130_HAZR-EXT_220_GT,31.36616048,31.36616048,389.00
GEN_352131_PIPAVAV_220_1,31.36616048,31.36616048,389.00
GEN_352137_OPGPOWER_220_1,7.51681724764706,13.2176574394118,404.00
GEN_354004_WANAK4_400_1,15.15,19.8,404.00
GEN_354004_WANAK4_400_2,5.091602,8.88,404.00
GEN_354004_WANAK4_400_3,6.2,5.67,404.00
GEN_354004_WANAK4_400_4,6.94,10.79,404.00
GEN_354004_WANAK4_400_8,2.96431333333333,21.6923958333333,404.00
GEN_354007_UKAI4_400_6,5.77,9.48,404.00
GEN_354011_SSP4_400_1,0,0,  0.00
GEN_354011_SSP4_400_2,0,0,  0.00
GEN_354011_SSP4_400_3,0,0,  0.00
GEN_354011_SSP4_400_4,0,0,  0.00
GEN_354011_SSP4_400_5,0,0,  0.00
GEN_354011_SSP4_400_6,0,0,  0.00
GEN_354011_SSP4_400_P_1,0,0,  0.00
GEN_354011_SSP4_400_P_2,0,0,  0.00
GEN_354011_SSP4_400_P_3,0,0,  0.00
GEN_354011_SSP4_400_P_4,0,0,  0.00
GEN_354011_SSP4_400_P_5,0,0,  0.00
GEN_354011_SSP4_400_P_6,0,0,  0.00
GEN_354012_SUGEN4_400_G1,31.36616048,31.36616048,389.00
GEN_354012_SUGEN4_400_G2,31.36616048,31.36616048,389.00
GEN_354012_SUGEN4_400_G3,31.36616048,31.36616048,389.00
GEN_354015_MUNDRA4_400_3,5.091602,14.96,404.00
GEN_354015_MUNDRA4_400_4,3.82,6.69,404.00
GEN_354015_MUNDRA4_400_5,5.091602,32.06,404.00
GEN_354015_MUNDRA4_400_6,5.091602,55.27,404.00
GEN_354015_MUNDRA4_400_7,5.091602,11.21,404.00
GEN_354015_MUNDRA4_400_8,5.091602,11.21,404.00
GEN_354015_MUNDRA4_400_9,5.091602,11.21,404.00
GEN_354023_CGPL_400_1,0.71875,18.91375,404.00
GEN_354023_CGPL_400_2,0.71875,18.91375,404.00
GEN_354023_CGPL_400_3,0.71875,18.91375,404.00
GEN_354023_CGPL_400_4,0.71875,18.91375,404.00
GEN_354023_CGPL_400_5,0.71875,18.91375,404.00
GEN_354026_VADINAR_400_1,3.26,22.39,404.00
GEN_354026_VADINAR_400_2,3.26,22.39,404.00
GEN_354032_SUGEN-UN_400_G1,31.36616048,31.36616048,389.00
GEN_354033_DGEN_400_1,31.36616048,31.36616048,389.00
GEN_354033_DGEN_400_2,31.36616048,31.36616048,389.00
GEN_354033_DGEN_400_3,31.36616048,31.36616048,389.00
GEN_361002_GSAGA1_132_1,0,0,  0.00
GEN_361002_GSAGA1_132_2,0,0,  0.00
GEN_361002_GSAGA1_132_3,0,0,  0.00
GEN_361002_GSAGA1_132_4,0,0,  0.00
GEN_361002_GSAGA1_132_5,0,0,  0.00
GEN_361007_PENCH1_132_1,0,0,  0.00
GEN_361007_PENCH1_132_2,0,0,  0.00
GEN_361028_BARGI1_132_1,0,0,  0.00
GEN_361028_BARGI1_132_2,0,0,  0.00
GEN_361029_AMK132_132_1,6.370163934,24.71016393,404.00
GEN_361029_AMK132_132_2,6.370163934,24.71016393,404.00
GEN_361033_RAJGHAT_132_1,0,0,  0.00
GEN_361033_RAJGHAT_132_2,0,0,  0.00
GEN_361033_RAJGHAT_132_3,0,0,  0.00
GEN_361112_CHAPDA_132_1,0,0,  0.00
GEN_361146_MADIKHED_132_1,0,0,  0.00
GEN_361146_MADIKHED_132_2,0,0,  0.00
GEN_361177_BANSGR-2_132_1,0,0,  0.00
GEN_361177_BANSGR-2_132_2,0,0,  0.00
GEN_361199_BANSGR-3_132_1,0,0,  0.00
GEN_361199_BANSGR-3_132_2,0,0,  0.00
GEN_361199_BANSGR-3_132_3,0,0,  0.00
GEN_361201_BANSGR-4_132_1,0,0,  0.00
GEN_361201_BANSGR-4_132_2,0,0,  0.00
GEN_361227_BLA-TPS_132_1,6.370163934,24.71016393,404.00
GEN_361227_BLA-TPS_132_2,6.370163934,24.71016393,404.00
GEN_362003_SAT2_220_6,5.091602,8.536258,404.00
GEN_362003_SAT2_220_7,9.98,13.19,404.00
GEN_362017_BIRST2_220_1,5.644015748,9.963700787,404.00
GEN_362017_BIRST2_220_2,5.644015748,9.963700787,404.00
GEN_362017_BIRST2_220_3,5.644015748,9.963700787,404.00
GEN_362026_AMARK2_220_1,5.091602,93.97,404.00
GEN_362026_AMARK2_220_2,45.34,9.45,404.00
GEN_362026_AMARK2_220_3,5.091602,3.1,404.00
GEN_362028_BANSG-I_220_1,0,0,  0.00
GEN_362028_BANSG-I_220_2,0,0,  0.00
GEN_362028_BANSG-I_220_3,0,0,  0.00
GEN_362046_OMKSR_220_1,0,0,  0.00
GEN_362046_OMKSR_220_2,0,0,  0.00
GEN_362046_OMKSR_220_3,0,0,  0.00
GEN_362046_OMKSR_220_4,0,0,  0.00
GEN_362046_OMKSR_220_5,0,0,  0.00
GEN_362046_OMKSR_220_6,0,0,  0.00
GEN_362046_OMKSR_220_7,0,0,  0.00
GEN_362046_OMKSR_220_8,0,0,  0.00
GEN_362067_BIRSNG-H_220_1,0,0,  0.00
GEN_364003_SATPU4_400_10,13.04,10.87,404.00
GEN_364003_SATPU4_400_11,13.04,10.87,404.00
GEN_364003_SATPU4_400_8,24.69,10.37,404.00
GEN_364003_SATPU4_400_9,14.18,9.95,404.00
GEN_364006_INDSGR4_400_1,0,0,  0.00
GEN_364006_INDSGR4_400_2,0,0,  0.00
GEN_364006_INDSGR4_400_3,0,0,  0.00
GEN_364006_INDSGR4_400_4,0,0,  0.00
GEN_364006_INDSGR4_400_5,0,0,  0.00
GEN_364006_INDSGR4_400_6,0,0,  0.00
GEN_364006_INDSGR4_400_7,0,0,  0.00
GEN_364006_INDSGR4_400_8,0,0,  0.00
GEN_364008_VINDH_W4_400_1,9.37,6.52,404.00
GEN_364008_VINDH_W4_400_10,5.030851064,7.614042553,404.00
GEN_364008_VINDH_W4_400_2,2.15,5.81,404.00
GEN_364008_VINDH_W4_400_3,5.091602,8.02,404.00
GEN_364008_VINDH_W4_400_4,4.99,7.13,404.00
GEN_364008_VINDH_W4_400_5,5.23,3.02,404.00
GEN_364008_VINDH_W4_400_6,1.95,0.43,404.00
GEN_364008_VINDH_W4_400_7,6.9,6.74,404.00
GEN_364008_VINDH_W4_400_8,5.091602,3.34,404.00
GEN_364008_VINDH_W4_400_9,5.091602,2.97,404.00
GEN_364022_VINDH-IV-V_400_1,9.37,6.52,404.00
GEN_364027_MAHAN_400_1,3.26,22.39,404.00
GEN_364027_MAHAN_400_2,3.26,22.39,404.00
GEN_364028_JP-BINA_400_1,5.385480226,10.44824859,404.00
GEN_364028_JP-BINA_400_2,5.385480226,10.44824859,404.00
GEN_364030_MALWA_400_1,6.52,20.588,404.00
GEN_364030_MALWA_400_2,6.52,20.588,404.00
GEN_364033_NIGRI_400_1,2.95,19.55769231,404.00
GEN_364033_NIGRI_400_2,2.95,19.55769231,404.00
GEN_364034_ANUPPUR_400_1,8.13800383321212,14.0607441155758,404.00
GEN_364034_ANUPPUR_400_2,8.13800383321212,14.0607441155758,404.00
GEN_364038_JHABUAPOWER_400_1,8.13800383321212,14.0607441155758,404.00
GEN_364038_JHABUAPOWER_400_2,8.13800383321212,14.0607441155758,404.00
GEN_364083_REWAUMSPP_400_S,0,0,  0.00
GEN_368024_SASAN_765_1,3.26,22.39,404.00
GEN_368024_SASAN_765_2,3.26,22.39,404.00
GEN_368024_SASAN_765_3,3.26,22.39,404.00
GEN_368024_SASAN_765_4,3.26,22.39,404.00
GEN_368024_SASAN_765_5,3.26,22.39,404.00
GEN_368024_SASAN_765_6,2.95,19.55769231,404.00
GEN_368027_GADARWARAST_765_1,3.14375,21.32788461625,404.00
GEN_368027_GADARWARAST_765_2,3.14375,21.32788461625,404.00
GEN_368039_DWARKESH_400_1,3.14375,21.32788461625,404.00
GEN_368039_DWARKESH_400_2,3.14375,21.32788461625,404.00
GEN_368040_KHARGONE_400_1,3.14375,21.32788461625,404.00
GEN_368040_KHARGONE_400_2,3.14375,21.32788461625,404.00
GEN_371006_BHUSA1_132_2,15.14,10.84,404.00
GEN_371006_BHUSA1_132_3,5.091602,10.2,404.00
GEN_371085_KHAPRALE_132_1,0,0,  0.00
GEN_371085_KHAPRALE_132_2,0,0,  0.00
GEN_371119_BHANDHR_132_1,0,0,  0.00
GEN_371119_BHANDHR_132_2,0,0,  0.00
GEN_371155_DAUND_132_1,0,0,  0.00
GEN_371165_VAITRAN_132_1,0,0,  0.00
GEN_371212_VIR-HYDR_132_1,0,0,  0.00
GEN_371212_VIR-HYDR_132_2,0,0,  0.00
GEN_371215_ELDARI_132_1,0,0,  0.00
GEN_371215_ELDARI_132_2,0,0,  0.00
GEN_371215_ELDARI_132_3,0,0,  0.00
GEN_371231_BHATGHAR_132_1,0,0,  0.00
GEN_371246_MUKHED_132_1,0,0,  0.00
GEN_371272_VARASGN_132_1,0,0,  0.00
GEN_371277_MANDRUP_132_1,0,0,  0.00
GEN_371286_PANSHET_132_1,0,0,  0.00
GEN_371289_UJANI-HY_132_1,0,0,  0.00
GEN_371306_BHIPU1_100_1,0,0,  0.00
GEN_371306_BHIPU1_100_2,0,0,  0.00
GEN_371306_BHIPU1_100_3,0,0,  0.00
GEN_371306_BHIPU1_100_4,0,0,  0.00
GEN_371306_BHIPU1_100_5,0,0,  0.00
GEN_371306_BHIPU1_100_6,0,0,  0.00
GEN_371311_KHOPO1_100_1,0,0,  0.00
GEN_371311_KHOPO1_100_2,0,0,  0.00
GEN_371311_KHOPO1_100_3,0,0,  0.00
GEN_371311_KHOPO1_100_4,0,0,  0.00
GEN_371311_KHOPO1_100_5,0,0,  0.00
GEN_371311_KHOPO1_100_6,0,0,  0.00
GEN_371311_KHOPO1_100_7,0,0,  0.00
GEN_371311_KHOPO1_100_8,0,0,  0.00
GEN_372005_PARLI2_220_3,31.22,20.41,404.00
GEN_372005_PARLI2_220_4,12.84,6.57,404.00
GEN_372005_PARLI2_220_5,5.091602,10.7,404.00
GEN_372005_PARLI2_220_6,10.06,13.05,404.00
GEN_372005_PARLI2_220_7,5.091602,19.35,404.00
GEN_372006_CHAND2_220_1,6.21,4.77,404.00
GEN_372007_TAPS2_220_1,15,5,435.00
GEN_372007_TAPS2_220_2,15,5,435.00
GEN_372009_KORAD2_220_5,5.091602,21.19,404.00
GEN_372024_URAN2_220_5,31.36616048,31.36616048,389.00
GEN_372024_URAN2_220_6,31.36616048,31.36616048,389.00
GEN_372024_URAN2_220_G1,31.36616048,31.36616048,389.00
GEN_372024_URAN2_220_G2,31.36616048,31.36616048,389.00
GEN_372024_URAN2_220_G3,31.36616048,31.36616048,389.00
GEN_372024_URAN2_220_G4,31.36616048,31.36616048,389.00
GEN_372026_BARAMATI_220_1,6.52705172428985,18.3812382973623,404.00
GEN_372034_KOY3-PEDAMBE_220_1,0,0,  0.00
GEN_372034_KOY3-PEDAMBE_220_2,0,0,  0.00
GEN_372034_KOY3-PEDAMBE_220_3,0,0,  0.00
GEN_372034_KOY3-PEDAMBE_220_4,0,0,  0.00
GEN_372040_KOY12-PHOPLI_220_1,0,0,  0.00
GEN_372040_KOY12-PHOPLI_220_2,0,0,  0.00
GEN_372040_KOY12-PHOPLI_220_3,0,0,  0.00
GEN_372040_KOY12-PHOPLI_220_4,0,0,  0.00
GEN_372040_KOY12-PHOPLI_220_5,0,0,  0.00
GEN_372040_KOY12-PHOPLI_220_6,0,0,  0.00
GEN_372040_KOY12-PHOPLI_220_7,0,0,  0.00
GEN_372040_KOY12-PHOPLI_220_8,0,0,  0.00
GEN_372043_TILLA2_220_1,0,0,  0.00
GEN_372046_WARDH2_220_1,5.091602,15.91,404.00
GEN_372046_WARDH2_220_2,5.091602,19.77,404.00
GEN_372050_CHALI2_220_1,5.091602,8.536258,404.00
GEN_372051_NASIK2_220_1,5.091602,8.536258,404.00
GEN_372051_NASIK2_220_2,5.091602,17.57,404.00
GEN_372051_NASIK2_220_3,8.2,2.67,404.00
GEN_372051_NASIK2_220_4,5.091602,13.02,404.00
GEN_372051_NASIK2_220_5,5.091602,11.86,404.00
GEN_372052_TROMB2_220_5,9.12,1.87,404.00
GEN_372052_TROMB2_220_6,5.091602,1.14,404.00
GEN_372052_TROMB2_220_7,4.81,12.28,404.00
GEN_372052_TROMB2_220_8,8.7,3.37,404.00
GEN_372052_TROMB2_220_G1,5.091602,98.98,404.00
GEN_372053_KKHED2_220_1,7.47,3.47,404.00
GEN_372053_KKHED2_220_2,5.091602,8.54,404.00
GEN_372053_KKHED2_220_3,7.97,3.66,404.00
GEN_372053_KKHED2_220_4,5.091602,1.43,404.00
GEN_372088_KDPH22_220_1,0,0,  0.00
GEN_372088_KDPH22_220_2,0,0,  0.00
GEN_372089_BHIRA2_220_7,0,0,  0.00
GEN_372090_DAHAN2_220_1,5.091602,2.74,404.00
GEN_372090_DAHAN2_220_2,0.55,1.62,404.00
GEN_372105_BHIRA_220_1,0,0,  0.00
GEN_372105_BHIRA_220_2,0,0,  0.00
GEN_372111_PARAS_220_3,10.22,3.11,404.00
GEN_372111_PARAS_220_4,3.29,3.59,404.00
GEN_372145_GHATGR_220_1,0,0,  0.00
GEN_372145_GHATGR_220_2,0,0,  0.00
GEN_372170_PAWAS_220_1,6.370163934,24.71016393,404.00
GEN_372184_INDORAM_220_1,6.370163934,24.71016393,404.00
GEN_372187_CHND-MDC_220_1,6.370163934,24.71016393,404.00
GEN_372188_MATRDEV_220_1,6.370163934,24.71016393,404.00
GEN_372190_FINOLEX_220_1,6.370163934,24.71016393,404.00
GEN_372195_KSK-WRDH_220_1,5.091602,15.91,404.00
GEN_372195_KSK-WRDH_220_2,5.091602,19.77,404.00
GEN_372195_KSK-WRDH_220_3,4.78,9.09,404.00
GEN_372195_KSK-WRDH_220_4,1.41,15.27,404.00
GEN_372203_VIDARBHA_220_1,5.091602,31.81571429,404.00
GEN_372203_VIDARBHA_220_2,5.091602,31.81571429,404.00
GEN_372204_ABHI-NG_220_1,6.370163934,24.71016393,404.00
GEN_372204_ABHI-NG_220_2,6.370163934,24.71016393,404.00
GEN_372204_ABHI-NG_220_3,6.370163934,24.71016393,404.00
GEN_372204_ABHI-NG_220_4,6.370163934,24.71016393,404.00
GEN_374006_CHNDR4_400_2,7.92,5.09,404.00
GEN_374006_CHNDR4_400_3,5.091602,7.84,404.00
GEN_374006_CHNDR4_400_4,15.68,3.04,404.00
GEN_374006_CHNDR4_400_5,5.091602,7.74,404.00
GEN_374006_CHNDR4_400_6,6.88,4.66,404.00
GEN_374006_CHNDR4_400_7,16.27,7.78,404.00
GEN_374009_KORADI-I_400_1,5.091602,100,404.00
GEN_374009_KORADI-I_400_2,5.091602,100,404.00
GEN_374017_TAPS4_400_1,15,5,435.00
GEN_374017_TAPS4_400_2,15,5,435.00
GEN_374023_JAIGAD_400_1,5.091602,31.81571429,404.00
GEN_374023_JAIGAD_400_2,5.091602,31.81571429,404.00
GEN_374023_JAIGAD_400_3,5.091602,31.81571429,404.00
GEN_374023_JAIGAD_400_4,5.091602,31.81571429,404.00
GEN_374024_RGPPL_400_1,31.36616048,31.36616048,389.00
GEN_374024_RGPPL_400_2,31.36616048,31.36616048,389.00
GEN_374024_RGPPL_400_3,31.36616048,31.36616048,389.00
GEN_374024_RGPPL_400_4,31.36616048,31.36616048,389.00
GEN_374026_KOY4-4_400_1,0,0,  0.00
GEN_374026_KOY4-4_400_2,0,0,  0.00
GEN_374026_KOY4-4_400_3,0,0,  0.00
GEN_374026_KOY4-4_400_4,0,0,  0.00
GEN_374027_K-KHD-NEW_400_5,5.242,6.55425,404.00
GEN_374030_BHUSAWAL-II_400_4,5.091602,8.536258,404.00
GEN_374030_BHUSAWAL-II_400_5,5.091602,8.536258,404.00
GEN_374031_MAUDA_400_1,5.004561404,7.280701754,404.00
GEN_374031_MAUDA_400_2,5.004561404,7.280701754,404.00
GEN_374031_MAUDA_400_3,3.26,22.39,404.00
GEN_374031_MAUDA_400_4,3.26,22.39,404.00
GEN_374032_TIRODA_400_1,3.26,22.39,404.00
GEN_374032_TIRODA_400_2,3.26,22.39,404.00
GEN_374032_TIRODA_400_3,3.26,22.39,404.00
GEN_374034_EMCO_400_1,5.091602,26.40666667,404.00
GEN_374034_EMCO_400_2,5.091602,26.40666667,404.00
GEN_374035_IEPL_400_1,5.091602,26.40666667,404.00
GEN_374035_IEPL_400_2,5.091602,26.40666667,404.00
GEN_374036_AMRAVATIIBL_400_1,5.309834254,10.32762431,404.00
GEN_374036_AMRAVATIIBL_400_10,5.309834254,10.32762431,404.00
GEN_374036_AMRAVATIIBL_400_2,5.309834254,10.32762431,404.00
GEN_374036_AMRAVATIIBL_400_3,5.309834254,10.32762431,404.00
GEN_374036_AMRAVATIIBL_400_4,5.309834254,10.32762431,404.00
GEN_374036_AMRAVATIIBL_400_5,5.309834254,10.32762431,404.00
GEN_374036_AMRAVATIIBL_400_6,5.309834254,10.32762431,404.00
GEN_374036_AMRAVATIIBL_400_7,5.309834254,10.32762431,404.00
GEN_374036_AMRAVATIIBL_400_8,5.309834254,10.32762431,404.00
GEN_374036_AMRAVATIIBL_400_9,5.309834254,10.32762431,404.00
GEN_374037_CHANDRPR-II_400_8,6.52705172428985,18.3812382973623,404.00
GEN_374037_CHANDRPR-II_400_9,6.52705172428985,18.3812382973623,404.00
GEN_374038_KORADI-II_400_10,3.26,22.39,404.00
GEN_374039_DHARIWAL_400_1,5.091602,31.81571429,404.00
GEN_374055_SINNARTPP_400_1,6.52705172428985,18.3812382973623,404.00
GEN_374055_SINNARTPP_400_10,6.52705172428985,18.3812382973623,404.00
GEN_374055_SINNARTPP_400_2,6.52705172428985,18.3812382973623,404.00
GEN_374090_SOLAPURSTPP_400_1,3.26,22.39,404.00
GEN_374090_SOLAPURSTPP_400_2,3.26,22.39,404.00
GEN_374092_LANCOVIDARB_400_1,3.26,22.39,404.00
GEN_374092_LANCOVIDARB_400_2,3.26,22.39,404.00
GEN_378032_TIRODA_765_1,3.26,22.39,404.00
GEN_378032_TIRODA_765_2,3.26,22.39,404.00
GEN_410001_KAHALG_15.75_1,25.7823204,22.7772516,404.00
GEN_410001_KAHALG_15.75_2,25.7823204,22.7772516,404.00
GEN_411025_BARAUNI_132_1,3.95,53.67,404.00
GEN_411025_BARAUNI_132_2,100,8.536258,404.00
GEN_412001_KANTI_220_1,25.7823204,22.7772516,404.00
GEN_412025_BARAUNI_220_1,25.7823204,22.7772516,404.00
GEN_412025_BARAUNI_220_2,25.7823204,22.7772516,404.00
GEN_414010_KAHALGAON-B_400_1,5.091602,18.34,404.00
GEN_414010_KAHALGAON-B_400_2,9.19,19.24,404.00
GEN_414010_KAHALGAON-B_400_3,10.68,14.1,404.00
GEN_414020_NABINAGAR-I_400_1,25.7823204,22.7772516,404.00
GEN_414020_NABINAGAR-I_400_2,25.7823204,22.7772516,404.00
GEN_414031_NABINAGAR-II_400_1,6.52,20.588,404.00
GEN_414031_NABINAGAR-II_400_2,6.52,20.588,404.00
GEN_414031_NABINAGAR-II_400_3,6.52,20.588,404.00
GEN_414052_BARH-I_400_1,6.52,20.588,404.00
GEN_414052_BARH-I_400_2,6.52,20.588,404.00
GEN_414052_BARH-I_400_3,6.52,20.588,404.00
GEN_414102_BARH-II_400_4,6.52,20.588,404.00
GEN_414102_BARH-II_400_5,6.52,20.588,404.00
GEN_420001_TALCHRG_21_1,13.39,4.63,404.00
GEN_420001_TALCHRG_21_2,11.01,3.71,404.00
GEN_420001_TALCHRG_21_3,12.2,4.17,404.00
GEN_420001_TALCHRG_21_4,12.2,4.17,404.00
GEN_420002_TALCHRG_21_5,8.41,2.75,404.00
GEN_420002_TALCHRG_21_6,8.41,2.75,404.00
GEN_421008_TALCHER-OD_132_1,5.091602,2.6,404.00
GEN_421008_TALCHER-OD_132_2,3.69,1.24,404.00
GEN_421008_TALCHER-OD_132_3,4.19,0.81,404.00
GEN_421008_TALCHER-OD_132_4,5.091602,4.27,404.00
GEN_421011_HIRAKD-BURLA_132_1,6.370163934,24.71016393,  0.00
GEN_421011_HIRAKD-BURLA_132_2,6.370163934,24.71016393,  0.00
GEN_421011_HIRAKD-BURLA_132_3,6.370163934,24.71016393,  0.00
GEN_421011_HIRAKD-BURLA_132_4,6.370163934,24.71016393,  0.00
GEN_421011_HIRAKD-BURLA_132_5,6.370163934,24.71016393,  0.00
GEN_421011_HIRAKD-BURLA_132_6,6.370163934,24.71016393,  0.00
GEN_421011_HIRAKD-BURLA_132_7,6.370163934,24.71016393,  0.00
GEN_421521_CHIPLIMA_132_1,0,0,  0.00
GEN_421521_CHIPLIMA_132_2,0,0,  0.00
GEN_421521_CHIPLIMA_132_3,0,0,  0.00
GEN_421535_ICCL1_132_1,6.370163934,24.71016393,404.00
GEN_421535_ICCL1_132_2,6.370163934,24.71016393,404.00
GEN_421602_HINDALCO_132_1,14.21868421,17.31078947,404.00
GEN_421603_NBVLBSSL_132_1,14.21868421,17.31078947,404.00
GEN_422001_INDRAVATI_220_1,0,0,  0.00
GEN_422001_INDRAVATI_220_2,0,0,  0.00
GEN_422001_INDRAVATI_220_3,0,0,  0.00
GEN_422001_INDRAVATI_220_4,0,0,  0.00
GEN_422002_BALIMELA_220_1,0,0,  0.00
GEN_422002_BALIMELA_220_2,0,0,  0.00
GEN_422002_BALIMELA_220_3,0,0,  0.00
GEN_422002_BALIMELA_220_4,0,0,  0.00
GEN_422002_BALIMELA_220_5,0,0,  0.00
GEN_422002_BALIMELA_220_6,0,0,  0.00
GEN_422002_BALIMELA_220_7,0,0,  0.00
GEN_422003_UPKOLAB_220_1,0,0,  0.00
GEN_422003_UPKOLAB_220_2,0,0,  0.00
GEN_422003_UPKOLAB_220_3,0,0,  0.00
GEN_422003_UPKOLAB_220_4,0,0,  0.00
GEN_422008_TALCHER-OD_220_1,19.21727273,8.356818182,404.00
GEN_422008_TALCHER-OD_220_2,19.21727273,8.356818182,404.00
GEN_422010_RENGL-PS_220_1,6.370163934,24.71016393,  0.00
GEN_422010_RENGL-PS_220_2,6.370163934,24.71016393,  0.00
GEN_422010_RENGL-PS_220_3,6.370163934,24.71016393,  0.00
GEN_422010_RENGL-PS_220_4,6.370163934,24.71016393,  0.00
GEN_422010_RENGL-PS_220_5,6.370163934,24.71016393,  0.00
GEN_422020_IBTPS2_220_1,8.26,6.08,404.00
GEN_422020_IBTPS2_220_2,6.75,4.2,404.00
GEN_422030_NALCO2_220_1,14.21868421,17.31078947,404.00
GEN_422030_NALCO2_220_2,14.21868421,17.31078947,404.00
GEN_422030_NALCO2_220_3,14.21868421,17.31078947,404.00
GEN_422030_NALCO2_220_4,14.21868421,17.31078947,404.00
GEN_422030_NALCO2_220_5,14.21868421,17.31078947,404.00
GEN_422030_NALCO2_220_6,14.21868421,17.31078947,404.00
GEN_422030_NALCO2_220_7,14.21868421,17.31078947,404.00
GEN_422030_NALCO2_220_8,14.21868421,17.31078947,404.00
GEN_422030_NALCO2_220_9,14.21868421,17.31078947,404.00
GEN_422605_BSSL_220_1,14.21868421,17.31078947,404.00
GEN_422606_JINSTL_220_1,14.21868421,17.31078947,404.00
GEN_422606_JINSTL_220_2,14.21868421,17.31078947,404.00
GEN_422607_TSIL_220_1,14.21868421,17.31078947,404.00
GEN_422609_STERLT2_220_2,5.091602,25.89,404.00
GEN_422610_VEDANT_220_1,14.21868421,17.31078947,404.00
GEN_422610_VEDANT_220_2,14.21868421,17.31078947,404.00
GEN_422610_VEDANT_220_3,14.21868421,17.31078947,404.00
GEN_422610_VEDANT_220_4,14.21868421,17.31078947,404.00
GEN_422610_VEDANT_220_5,14.21868421,17.31078947,404.00
GEN_422610_VEDANT_220_6,14.21868421,17.31078947,404.00
GEN_422610_VEDANT_220_7,14.21868421,17.31078947,404.00
GEN_424023_KVK_400_1,10.4236573309545,15.9789463694091,404.00
GEN_424023_KVK_400_2,10.4236573309545,15.9789463694091,404.00
GEN_424023_KVK_400_3,10.4236573309545,15.9789463694091,404.00
GEN_424026_MONNET_400_1,10.4236573309545,15.9789463694091,404.00
GEN_424026_MONNET_400_2,10.4236573309545,15.9789463694091,404.00
GEN_424027_STERLITE_400_1,5.091602,20.5,404.00
GEN_424027_STERLITE_400_2,5.091602,29.0833333333333,404.00
GEN_424027_STERLITE_400_3,5.091602,39.05,404.00
GEN_424027_STERLITE_400_4,5.091602,27.7,404.00
GEN_424028_LANCOBDN_400_1,6.52,20.588,404.00
GEN_424028_LANCOBDN_400_2,6.52,20.588,404.00
GEN_424029_GMR_400_1,0.628461538,22.63076923,404.00
GEN_424029_GMR_400_2,0.628461538,22.63076923,404.00
GEN_424029_GMR_400_3,0.628461538,22.63076923,404.00
GEN_424029_GMR_400_4,0.628461538,22.63076923,404.00
GEN_424030_JINDAL-JITPL_400_1,3.26,22.39,404.00
GEN_424030_JINDAL-JITPL_400_2,3.26,22.39,404.00
GEN_424118_TALCHER-III_400_1,6.52,20.588,404.00
GEN_428072_DARLIPALLI_765_1,6.52,20.588,404.00
GEN_428072_DARLIPALLI_765_2,6.52,20.588,404.00
GEN_431018_MAITHON-HYDR_132_1,0,0,  0.00
GEN_431018_MAITHON-HYDR_132_2,0,0,  0.00
GEN_431018_MAITHON-HYDR_132_3,0,0,  0.00
GEN_431019_PANCHET-HYDR_132_1,0,0,  0.00
GEN_431019_PANCHET-HYDR_132_2,0,0,  0.00
GEN_431019_PANCHET-HYDR_132_P_1,0,0,  0.00
GEN_431107_CHANDRPR-TPS_132_1,5.091602,17.74,404.00
GEN_431107_CHANDRPR-TPS_132_2,5.091602,13.47,404.00
GEN_431107_CHANDRPR-TPS_132_3,3.36,5.18,404.00
GEN_432001_BOKARO-TPS_220_1,5.091602,12.87,404.00
GEN_432001_BOKARO-TPS_220_2,5.091602,19.1,404.00
GEN_432001_BOKARO-TPS_220_3,5.091602,11.42,404.00
GEN_432007_CHANDRPR-TPS_220_4,5.091602,6.23,404.00
GEN_432007_CHANDRPR-TPS_220_5,5.091602,51.28,404.00
GEN_432020_MEJIA2_220_1,5.091602,18.92,404.00
GEN_432020_MEJIA2_220_2,5.091602,22.8,404.00
GEN_432020_MEJIA2_220_3,12.29,7.54,404.00
GEN_432020_MEJIA2_220_4,5.091602,17.98,404.00
GEN_432020_MEJIA2_220_5,7.32,0.97,404.00
GEN_432020_MEJIA2_220_6,5.091602,6.99,404.00
GEN_432212_WARIA2_220_1,2.06,9.77,404.00
GEN_432212_WARIA2_220_2,24.52,6.32,404.00
GEN_434002_DTPS_400_1,5.242,6.55425,404.00
GEN_434002_DTPS_400_2,5.242,6.55425,404.00
GEN_434003_MEJIA-B_400_1,5.091602,18.92,404.00
GEN_434003_MEJIA-B_400_2,5.091602,22.8,404.00
GEN_434005_KODERMA_400_1,5.242,6.55425,404.00
GEN_434005_KODERMA_400_2,5.242,6.55425,404.00
GEN_434006_RAGHUNATH_400_1,6.52,20.588,404.00
GEN_434035_MAITHON-RB_400_1,5.091602,30.96,404.00
GEN_434035_MAITHON-RB_400_2,5.030851064,7.614042553,404.00
GEN_441001_BANDEL-TPS_132_1,5.091602,33.79,404.00
GEN_441001_BANDEL-TPS_132_2,5.03,66.2,404.00
GEN_441001_BANDEL-TPS_132_3,5.091602,45.4,404.00
GEN_441001_BANDEL-TPS_132_4,5.091602,20.57,404.00
GEN_441001_BANDEL-TPS_132_5,6.24,5.17,404.00
GEN_441017_DPL_132_1,5.091602,100,404.00
GEN_441017_DPL_132_2,5.091602,100,404.00
GEN_441017_DPL_132_3,5.091602,56.74,404.00
GEN_441017_DPL_132_4,15.07,20.09,404.00
GEN_441017_DPL_132_5,5.091602,21.51,404.00
GEN_441061_RAMMAM-II_132_1,0,0,  0.00
GEN_441061_RAMMAM-II_132_2,0,0,  0.00
GEN_441119_SUBARNAKA_132_1,0,0,  0.00
GEN_441119_SUBARNAKA_132_2,0,0,  0.00
GEN_441627_TCF-2_132_1,0,0,  0.00
GEN_441629_TCF-3_132_1,0,0,  0.00
GEN_441641_BUDGEBUDGE_132_1,4.96,1.5,404.00
GEN_441641_BUDGEBUDGE_132_2,2.89,4.1,404.00
GEN_442012_KTPS220_220_1,5.091602,22.65,404.00
GEN_442012_KTPS220_220_2,5.091602,4.68,404.00
GEN_442012_KTPS220_220_3,14.04,7.45,404.00
GEN_442023_BAKRESWAR_220_3,9.63,4.49,404.00
GEN_442023_BAKRESWAR_220_4,5.091602,0.43,404.00
GEN_442023_BAKRESWAR_220_5,5.091602,2.01,404.00
GEN_442028_SANTLDI_220_1,5.091602,100,404.00
GEN_442028_SANTLDI_220_2,5.091602,100,404.00
GEN_442028_SANTLDI_220_3,5.091602,100,404.00
GEN_442028_SANTLDI_220_4,5.091602,100,404.00
GEN_442028_SANTLDI_220_5,5.091602,9.02,404.00
GEN_442028_SANTLDI_220_6,5.091602,48.16,404.00
GEN_442090_TSTLD-3_220_1,0,0,  0.00
GEN_442090_TSTLD-3_220_2,0,0,  0.00
GEN_442090_TSTLD-3_220_3,0,0,  0.00
GEN_442090_TSTLD-3_220_4,0,0,  0.00
GEN_442657_BUDGEBU-TPS_220_1,5.091602,0.93,404.00
GEN_444010_SAGARDIGHI_4_400_1,5.091602,4.46,404.00
GEN_444010_SAGARDIGHI_4_400_2,5.71,7.23,404.00
GEN_444013_HALDIA-TPS_400_1,5.385480226,10.44824859,404.00
GEN_444013_HALDIA-TPS_400_2,5.385480226,10.44824859,404.00
GEN_444023_BAKRASWR_400_1,9.63,4.49,404.00
GEN_444023_BAKRASWR_400_2,5.091602,0.43,404.00
GEN_444075_PURULIAPS_400_1,0,0,  0.00
GEN_444075_PURULIAPS_400_2,0,0,  0.00
GEN_444075_PURULIAPS_400_3,0,0,  0.00
GEN_444075_PURULIAPS_400_4,0,0,  0.00
GEN_471526_JOJOBE_132_1,5.091602,8.536258,404.00
GEN_471526_JOJOBE_132_2,5.091602,8.536258,404.00
GEN_471526_JOJOBE_132_3,5.091602,0.98,404.00
GEN_472012_PATRATU2_220_5,5.091602,100,404.00
GEN_472012_PATRATU2_220_6,5.091602,100,404.00
GEN_472012_PATRATU2_220_7,5.091602,100,404.00
GEN_472012_PATRATU2_220_8,5.091602,29.54,404.00
GEN_472012_PATRATU2_220_9,5.091602,100,404.00
GEN_472214_TENUGHAT2_220_1,5.091602,35.55,404.00
GEN_472214_TENUGHAT2_220_2,5.091602,36.85,404.00
GEN_474023_CORPORATE-I_400_1,5.385480226,10.44824859,404.00
GEN_474023_CORPORATE-I_400_2,5.385480226,10.44824859,404.00
GEN_474024_ADHUNIK_400_1,5.309834254,10.32762431,404.00
GEN_474024_ADHUNIK_400_2,5.309834254,10.32762431,404.00
GEN_474050_NORTHKARNPRA_400_1,6.52,20.588,404.00
GEN_474050_NORTHKARNPRA_400_2,6.52,20.588,404.00
GEN_491006_BHASMEY_132_1,1.86443822458537,7.23224310146341,  0.00
GEN_491006_BHASMEY_132_2,1.86443822458537,7.23224310146341,  0.00
GEN_491006_BHASMEY_132_3,1.86443822458537,7.23224310146341,  0.00
GEN_491035_DIKCHU_132_1,1.86443822458537,7.23224310146341,  0.00
GEN_491035_DIKCHU_132_2,1.86443822458537,7.23224310146341,  0.00
GEN_491035_DIKCHU_132_3,1.86443822458537,7.23224310146341,  0.00
GEN_491060_RANGIT-3_132_1,0,0,  0.00
GEN_492003_RANGIT4_220_1,1.86443822458537,7.23224310146341,  0.00
GEN_492003_RANGIT4_220_2,1.86443822458537,7.23224310146341,  0.00
GEN_492003_RANGIT4_220_3,1.86443822458537,7.23224310146341,  0.00
GEN_492007_RONGNCHU_220_1,1.86443822458537,7.23224310146341,  0.00
GEN_492007_RONGNCHU_220_2,1.86443822458537,7.23224310146341,  0.00
GEN_492008_TASHIDIN_220_1,1.86443822458537,7.23224310146341,  0.00
GEN_492008_TASHIDIN_220_2,1.86443822458537,7.23224310146341,  0.00
GEN_494001_TEESTA3_400_1,1.86443822458537,7.23224310146341,  0.00
GEN_494001_TEESTA3_400_2,1.86443822458537,7.23224310146341,  0.00
GEN_494001_TEESTA3_400_3,1.86443822458537,7.23224310146341,  0.00
GEN_494001_TEESTA3_400_4,1.86443822458537,7.23224310146341,  0.00
GEN_494001_TEESTA3_400_5,1.86443822458537,7.23224310146341,  0.00
GEN_494012_PANANHIMGRI_400_1,1.86443822458537,7.23224310146341,  0.00
GEN_494012_PANANHIMGRI_400_2,1.86443822458537,7.23224310146341,  0.00
GEN_494012_PANANHIMGRI_400_3,1.86443822458537,7.23224310146341,  0.00
GEN_494012_PANANHIMGRI_400_4,1.86443822458537,7.23224310146341,  0.00
GEN_494070_TEESTA-5_400_1,0,0,  0.00
GEN_494070_TEESTA-5_400_2,0,0,  0.00
GEN_494070_TEESTA-5_400_3,0,0,  0.00
GEN_511001_RSTP_132_1,6.370163934,24.71016393,404.00
GEN_511079_KRPL_132_1,6.77958406647619,7.40175730404762,404.00
GEN_512001_RMGD_220_S,0,0,  0.00
GEN_512003_NSAG_220_1,0,0,  0.00
GEN_512003_NSAG_220_10,0,0,  0.00
GEN_512003_NSAG_220_2,0,0,  0.00
GEN_512003_NSAG_220_3,0,0,  0.00
GEN_512003_NSAG_220_4,0,0,  0.00
GEN_512003_NSAG_220_5,0,0,  0.00
GEN_512003_NSAG_220_6,0,0,  0.00
GEN_512003_NSAG_220_7,0,0,  0.00
GEN_512003_NSAG_220_8,0,0,  0.00
GEN_512003_NSAG_220_9,0,0,  0.00
GEN_512003_NSAG_220_P_1,0,0,  0.00
GEN_512003_NSAG_220_P_2,0,0,  0.00
GEN_512003_NSAG_220_P_3,0,0,  0.00
GEN_512003_NSAG_220_P_4,0,0,  0.00
GEN_512003_NSAG_220_P_5,0,0,  0.00
GEN_512003_NSAG_220_P_6,0,0,  0.00
GEN_512003_NSAG_220_P_7,0,0,  0.00
GEN_512005_VIJA_220_1,3.67,1.66,404.00
GEN_512005_VIJA_220_2,4.04,2.24,404.00
GEN_512005_VIJA_220_3,4.31,1.89,404.00
GEN_512005_VIJA_220_4,4.13,0.89,404.00
GEN_512005_VIJA_220_5,12.74,0.84,404.00
GEN_512005_VIJA_220_6,5.091602,2.2,404.00
GEN_512042_HINDUPUR_220_W,18.47196603,18.47196603,256.00
GEN_512043_JAGRPDU2_220_1,18.47196603,18.47196603,389.00
GEN_512043_JAGRPDU2_220_2,18.47196603,18.47196603,389.00
GEN_512044_KAKINADA_220_1,18.47196603,18.47196603,389.00
GEN_512044_KAKINADA_220_2,18.47196603,18.47196603,389.00
GEN_512044_KAKINADA_220_3,18.47196603,18.47196603,389.00
GEN_512044_KAKINADA_220_4,18.47196603,18.47196603,389.00
GEN_512049_KOTH_220_1,5.41880028571429,2.69875,404.00
GEN_512049_KOTH_220_2,5.091602,1.13,404.00
GEN_512049_KOTH_220_3,5.58,1.04,404.00
GEN_512049_KOTH_220_4,4.07,2.33,404.00
GEN_512049_KOTH_220_5,4.83,2.46,404.00
GEN_512049_KOTH_220_6,5.091602,3.62,404.00
GEN_512049_KOTH_220_7,8.89,3.92,404.00
GEN_512049_KOTH_220_8,5.17,4.28,404.00
GEN_512049_KOTH_220_9,4.3,2.81,404.00
GEN_512049_KOTH_220_A,4.3,2.81,404.00
GEN_512050_LISLRU_220_1,0,0,  0.00
GEN_512050_LISLRU_220_2,0,0,  0.00
GEN_512050_LISLRU_220_3,0,0,  0.00
GEN_512050_LISLRU_220_4,0,0,  0.00
GEN_512050_LISLRU_220_5,0,0,  0.00
GEN_512057_MUDN_220_1,4.13,0.54,404.00
GEN_512057_MUDN_220_2,5.091602,5.25,404.00
GEN_512057_MUDN_220_3,5.091602,4.93,404.00
GEN_512057_MUDN_220_4,4.27,0.57,404.00
GEN_512057_MUDN_220_5,5.091602,8.25,404.00
GEN_512073_SRIS_220_1,0,0,  0.00
GEN_512073_SRIS_220_2,0,0,  0.00
GEN_512073_SRIS_220_3,0,0,  0.00
GEN_512073_SRIS_220_4,0,0,  0.00
GEN_512073_SRIS_220_5,0,0,  0.00
GEN_512073_SRIS_220_6,0,0,  0.00
GEN_512073_SRIS_220_7,0,0,  0.00
GEN_512077_USILRU_220_1,0,0,  0.00
GEN_512077_USILRU_220_2,0,0,  0.00
GEN_512077_USILRU_220_3,0,0,  0.00
GEN_512077_USILRU_220_4,0,0,  0.00
GEN_512083_KNDP_220_1,18.47196603,18.47196603,389.00
GEN_512083_KNDP_220_2,18.47196603,18.47196603,389.00
GEN_512083_KNDP_220_3,18.47196603,18.47196603,389.00
GEN_512084_VIJES1_220_1,18.47196603,18.47196603,389.00
GEN_512084_VIJES1_220_2,18.47196603,18.47196603,389.00
GEN_512084_VIJES1_220_3,18.47196603,18.47196603,389.00
GEN_512085_VIJES2_220_1,18.47196603,18.47196603,389.00
GEN_512085_VIJES2_220_2,18.47196603,18.47196603,389.00
GEN_512135_ASPIRI_220_1,0,0,  0.00
GEN_512135_ASPIRI_220_2,0,0,  0.00
GEN_512135_ASPIRI_220_3,0,0,  0.00
GEN_512135_ASPIRI_220_4,0,0,  0.00
GEN_512135_ASPIRI_220_5,0,0,  0.00
GEN_512135_ASPIRI_220_6,0,0,  0.00
GEN_512135_ASPIRI_220_8,0,0,  0.00
GEN_514001_RSTP_400_1,6.23,0.51,404.00
GEN_514001_RSTP_400_10,3.619375,19.750875,404.00
GEN_514001_RSTP_400_2,5.48,1.49,404.00
GEN_514001_RSTP_400_3,5.091602,2.09,404.00
GEN_514001_RSTP_400_4,9.52,0.19,404.00
GEN_514001_RSTP_400_5,5.091602,3.72,404.00
GEN_514001_RSTP_400_6,5.091602,1,404.00
GEN_514001_RSTP_400_7,5.091602,5.05,404.00
GEN_514011_SSLBPH4_400_1,0,0,  0.00
GEN_514011_SSLBPH4_400_2,0,0,  0.00
GEN_514011_SSLBPH4_400_3,0,0,  0.00
GEN_514011_SSLBPH4_400_4,0,0,  0.00
GEN_514011_SSLBPH4_400_5,0,0,  0.00
GEN_514011_SSLBPH4_400_6,0,0,  0.00
GEN_514014_SIMHADRI_400_1,5.091602,0.64,404.00
GEN_514014_SIMHADRI_400_2,7.61,0.71,404.00
GEN_514015_SIMHD-II_400_1,5.091602,1.85,404.00
GEN_514015_SIMHD-II_400_2,3.05,0.91,404.00
GEN_514017_VEMAGIR4_400_1,18.47196603,18.47196603,389.00
GEN_514017_VEMAGIR4_400_2,18.47196603,18.47196603,389.00
GEN_514017_VEMAGIR4_400_3,18.47196603,18.47196603,389.00
GEN_514018_TPCIL4_400_1,6.52,20.588,404.00
GEN_514027_KRISH-AP_400_1,0.71875,18.91375,404.00
GEN_514029_KAKTIYA_400_1,23.4,11.59,404.00
GEN_514029_KAKTIYA_400_2,23.4,11.59,404.00
GEN_514030_VIJTP-IV_400_1,5.242,6.55425,404.00
GEN_514031_SINGARENI_400_3,6.77958406647619,7.40175730404762,404.00
GEN_514031_SINGARENI_400_4,6.77958406647619,7.40175730404762,404.00
GEN_514049_KOTH-IV_400_1,23.4,11.59,404.00
GEN_514057_MUDN400_400_1,6.77958406647619,7.40175730404762,404.00
GEN_514080_KOTH-VII_400_1,3.619375,19.750875,404.00
GEN_514088_LANCO-OA_400_1,18.47196603,18.47196603,389.00
GEN_514088_LANCO-OA_400_2,18.47196603,18.47196603,389.00
GEN_514089_SIMHP-OA_400_1,8.944857143,29.67585714,404.00
GEN_514089_SIMHP-OA_400_2,8.944857143,29.67585714,404.00
GEN_514089_SIMHP-OA_400_3,8.944857143,29.67585714,404.00
GEN_514089_SIMHP-OA_400_4,8.944857143,29.67585714,404.00
GEN_514090_MENAK-OA_400_1,8.944857143,29.67585714,404.00
GEN_514090_MENAK-OA_400_2,8.944857143,29.67585714,404.00
GEN_514090_MENAK-OA_400_3,8.944857143,29.67585714,404.00
GEN_514090_MENAK-OA_400_4,8.944857143,29.67585714,404.00
GEN_514094_NCCPPL_400_1,3.619375,19.750875,404.00
GEN_514094_NCCPPL_400_2,3.619375,19.750875,404.00
GEN_514096_GMR-OA_400_1,18.47196603,18.47196603,389.00
GEN_514098_HINDJ-OA_400_1,5.242,6.55425,404.00
GEN_514098_HINDJ-OA_400_2,5.242,6.55425,404.00
GEN_514401_PUDIMADAKA4_400_1,3.619375,19.750875,404.00
GEN_514401_PUDIMADAKA4_400_2,3.619375,19.750875,404.00
GEN_522003_RAIC_220_1,7.64,7.45,404.00
GEN_522003_RAIC_220_2,5.62,17.23,404.00
GEN_522003_RAIC_220_3,19.09,4.52,404.00
GEN_522003_RAIC_220_4,10.7833333333333,9.73333333333333,404.00
GEN_522004_GUTTUR_220_1,4.072759,4.329443,107.00
GEN_522012_KAIG_220_1,20,10,435.00
GEN_522012_KAIG_220_2,20,10,435.00
GEN_522027_GHATPRBH_220_1,0,0,  0.00
GEN_522048_JURLPRKR_220_1,0,0,  0.00
GEN_522048_JURLPRKR_220_10,0,0,  0.00
GEN_522048_JURLPRKR_220_11,0,0,  0.00
GEN_522048_JURLPRKR_220_12,0,0,  0.00
GEN_522048_JURLPRKR_220_13,0,0,  0.00
GEN_522048_JURLPRKR_220_2,0,0,  0.00
GEN_522048_JURLPRKR_220_3,0,0,  0.00
GEN_522048_JURLPRKR_220_4,0,0,  0.00
GEN_522048_JURLPRKR_220_5,0,0,  0.00
GEN_522048_JURLPRKR_220_6,0,0,  0.00
GEN_522048_JURLPRKR_220_7,0,0,  0.00
GEN_522048_JURLPRKR_220_8,0,0,  0.00
GEN_522048_JURLPRKR_220_9,0,0,  0.00
GEN_522049_KADR_220_1,0,0,  0.00
GEN_522049_KADR_220_2,0,0,  0.00
GEN_522049_KADR_220_3,0,0,  0.00
GEN_522050_KDSL_220_1,0,0,  0.00
GEN_522050_KDSL_220_2,0,0,  0.00
GEN_522050_KDSL_220_3,0,0,  0.00
GEN_522052_KLN2_220_1,0,0,  0.00
GEN_522052_KLN2_220_2,0,0,  0.00
GEN_522052_KLN2_220_3,0,0,  0.00
GEN_522052_KLN2_220_4,0,0,  0.00
GEN_522052_KLN2_220_5,0,0,  0.00
GEN_522052_KLN2_220_6,0,0,  0.00
GEN_522052_KLN2_220_7,0,0,  0.00
GEN_522058_MLNG_220_1,4.072759,4.329443,107.00
GEN_522070_SRVT_220_1,0,0,  0.00
GEN_522070_SRVT_220_13,0,0,  0.00
GEN_522070_SRVT_220_2,0,0,  0.00
GEN_522070_SRVT_220_3,0,0,  0.00
GEN_522070_SRVT_220_4,0,0,  0.00
GEN_522071_SVT2_220_1,0,0,  0.00
GEN_522071_SVT2_220_2,0,0,  0.00
GEN_522071_SVT2_220_3,0,0,  0.00
GEN_522071_SVT2_220_4,0,0,  0.00
GEN_522071_SVT2_220_5,0,0,  0.00
GEN_522071_SVT2_220_6,0,0,  0.00
GEN_522071_SVT2_220_7,0,0,  0.00
GEN_522071_SVT2_220_8,0,0,  0.00
GEN_522071_SVT2_220_9,0,0,  0.00
GEN_522071_SVT2_220_A,0,0,  0.00
GEN_522075_VARH_220_1,0,0,  0.00
GEN_522075_VARH_220_2,0,0,  0.00
GEN_522075_VARH_220_3,0,0,  0.00
GEN_522075_VARH_220_4,0,0,  0.00
GEN_522076_TORAN2_220_1,11.55960784,25.20078431,404.00
GEN_522076_TORAN2_220_2,11.55960784,25.20078431,404.00
GEN_522079_ALMATI_220_1,0,0,  0.00
GEN_522079_ALMATI_220_2,0,0,  0.00
GEN_522079_ALMATI_220_3,0,0,  0.00
GEN_522134_BMMISPAT_220_1,6.370163934,24.71016393,404.00
GEN_522134_BMMISPAT_220_2,6.370163934,24.71016393,404.00
GEN_522134_BMMISPAT_220_3,6.370163934,24.71016393,404.00
GEN_524003_RAIC_400_1,7.840534,16.5133333333333,404.00
GEN_524003_RAIC_400_2,13.09,28.47,404.00
GEN_524003_RAIC_400_3,5.34,6.54,404.00
GEN_524003_RAIC_400_4,5.091602,14.53,404.00
GEN_524008_UDUPI400_400_1,6.52,20.588,404.00
GEN_524008_UDUPI400_400_2,6.52,20.588,404.00
GEN_524012_KAIGA_400_1,20,10,435.00
GEN_524012_KAIGA_400_2,20,10,435.00
GEN_524034_KUDGI-NT_400_1,5.0696875,20.1694375,404.00
GEN_524034_KUDGI-NT_400_2,5.0696875,20.1694375,404.00
GEN_524034_KUDGI-NT_400_3,5.0696875,20.1694375,404.00
GEN_524076_TORNGL4_400_1,5.091602,31.81571429,404.00
GEN_524076_TORNGL4_400_2,5.091602,31.81571429,404.00
GEN_524076_TORNGL4_400_3,5.091602,31.81571429,404.00
GEN_524076_TORNGL4_400_4,5.091602,31.81571429,404.00
GEN_524082_BELLARY_400_1,5.242,6.55425,404.00
GEN_524082_BELLARY_400_2,5.242,6.55425,404.00
GEN_531022_KAKKAD1_110_1,0,0,  0.00
GEN_531022_KAKKAD1_110_2,0,0,  0.00
GEN_531030_KUTHNGAL1_110_1,0,0,  0.00
GEN_531030_KUTHNGAL1_110_2,0,0,  0.00
GEN_531030_KUTHNGAL1_110_3,0,0,  0.00
GEN_531036_MANIYAR1_110_1,0,0,  0.00
GEN_531036_MANIYAR1_110_2,0,0,  0.00
GEN_531036_MANIYAR1_110_3,0,0,  0.00
GEN_531042_NERMNGLM1_110_1,0,0,  0.00
GEN_531042_NERMNGLM1_110_2,0,0,  0.00
GEN_531042_NERMNGLM1_110_3,0,0,  0.00
GEN_531042_NERMNGLM1_110_4,0,0,  0.00
GEN_531047_PANNIYAR1_110_1,0,0,  0.00
GEN_531047_PANNIYAR1_110_2,0,0,  0.00
GEN_531054_SENGULAM1_110_1,0,0,  0.00
GEN_531054_SENGULAM1_110_2,0,0,  0.00
GEN_531054_SENGULAM1_110_3,0,0,  0.00
GEN_531054_SENGULAM1_110_4,0,0,  0.00
GEN_531314_BDPP1_110_1,4.072759,4.329443,107.00
GEN_531314_BDPP1_110_2,4.072759,4.329443,107.00
GEN_531314_BDPP1_110_3,4.072759,4.329443,107.00
GEN_531314_BDPP1_110_4,4.072759,4.329443,107.00
GEN_531314_BDPP1_110_5,4.072759,4.329443,107.00
GEN_531321_IDAMALYR1_110_1,0,0,  0.00
GEN_531321_IDAMALYR1_110_2,0,0,  0.00
GEN_531326_SHOLAYAR1_110_1,0,0,  0.00
GEN_531326_SHOLAYAR1_110_2,0,0,  0.00
GEN_531326_SHOLAYAR1_110_3,0,0,  0.00
GEN_531347_PORINGAL1_110_1,0,0,  0.00
GEN_531347_PORINGAL1_110_2,0,0,  0.00
GEN_531347_PORINGAL1_110_3,0,0,  0.00
GEN_531347_PORINGAL1_110_4,0,0,  0.00
GEN_531347_PORINGAL1_110_5,0,0,  0.00
GEN_531368_BSES1_110_1,18.47196603,18.47196603,389.00
GEN_531368_BSES1_110_2,18.47196603,18.47196603,389.00
GEN_531368_BSES1_110_3,18.47196603,18.47196603,389.00
GEN_531368_BSES1_110_4,18.47196603,18.47196603,389.00
GEN_531615_KDPP1_110_1,4.072759,4.329443,107.00
GEN_531615_KDPP1_110_2,4.072759,4.329443,107.00
GEN_531615_KDPP1_110_3,4.072759,4.329443,107.00
GEN_531615_KDPP1_110_4,4.072759,4.329443,107.00
GEN_531615_KDPP1_110_5,4.072759,4.329443,107.00
GEN_531615_KDPP1_110_6,4.072759,4.329443,107.00
GEN_531615_KDPP1_110_7,4.072759,4.329443,107.00
GEN_531615_KDPP1_110_8,4.072759,4.329443,107.00
GEN_531621_KAKKAYAM1A_110_1,0,0,  0.00
GEN_531621_KAKKAYAM1A_110_2,0,0,  0.00
GEN_531621_KAKKAYAM1A_110_3,0,0,  0.00
GEN_531622_KAKKAYAM1B_110_4,0,0,  0.00
GEN_531622_KAKKAYAM1B_110_5,0,0,  0.00
GEN_531622_KAKKAYAM1B_110_6,0,0,  0.00
GEN_531641_KPCL1_110_1,18.47196603,18.47196603,389.00
GEN_531641_KPCL1_110_2,18.47196603,18.47196603,389.00
GEN_531641_KPCL1_110_3,18.47196603,18.47196603,389.00
GEN_532001_IDUKKI2A_220_3,0,0,  0.00
GEN_532001_IDUKKI2A_220_4,0,0,  0.00
GEN_532001_IDUKKI2A_220_5,0,0,  0.00
GEN_532001_IDUKKI2A_220_6,0,0,  0.00
GEN_532002_IDUKKI2B_220_1,0,0,  0.00
GEN_532002_IDUKKI2B_220_2,0,0,  0.00
GEN_532005_KAYMKULM2_220_1,18.47196603,18.47196603,389.00
GEN_532005_KAYMKULM2_220_2,18.47196603,18.47196603,389.00
GEN_532005_KAYMKULM2_220_3,18.47196603,18.47196603,389.00
GEN_532007_LOWRPRYR2A_220_1,0,0,  0.00
GEN_532007_LOWRPRYR2A_220_2,0,0,  0.00
GEN_532007_LOWRPRYR2A_220_3,0,0,  0.00
GEN_532013_SABRGIRI2_220_1,0,0,  0.00
GEN_532013_SABRGIRI2_220_2,0,0,  0.00
GEN_532013_SABRGIRI2_220_3,0,0,  0.00
GEN_532013_SABRGIRI2_220_4,0,0,  0.00
GEN_532013_SABRGIRI2_220_5,0,0,  0.00
GEN_532013_SABRGIRI2_220_6,0,0,  0.00
GEN_532014_THOTTIAR2_220_1,0,0,  0.00
GEN_532252_MANKULAM2_220_1,0,0,  0.00
GEN_536019_KALLADA6_66_1,0,0,  0.00
GEN_536019_KALLADA6_66_2,0,0,  0.00
GEN_536034_MALNKARA6_66_1,0,0,  0.00
GEN_536034_MALNKARA6_66_2,0,0,  0.00
GEN_536034_MALNKARA6_66_3,0,0,  0.00
GEN_536051_PALIVASL6_66_1,0,0,  0.00
GEN_536051_PALIVASL6_66_2,0,0,  0.00
GEN_536051_PALIVASL6_66_3,0,0,  0.00
GEN_536051_PALIVASL6_66_4,0,0,  0.00
GEN_536051_PALIVASL6_66_5,0,0,  0.00
GEN_536051_PALIVASL6_66_6,0,0,  0.00
GEN_541001_PYKARA1_110_1,0,0,  0.00
GEN_541001_PYKARA1_110_2,0,0,  0.00
GEN_541001_PYKARA1_110_3,0,0,  0.00
GEN_541001_PYKARA1_110_4,0,0,  0.00
GEN_541001_PYKARA1_110_5,0,0,  0.00
GEN_541001_PYKARA1_110_6,0,0,  0.00
GEN_541001_PYKARA1_110_7,0,0,  0.00
GEN_541044_KUTALAMGAS1_110_1,18.47196603,18.47196603,389.00
GEN_541046_NEYVELITS1_110_1,6.370163934,24.71016393,404.00
GEN_541046_NEYVELITS1_110_2,6.370163934,24.71016393,404.00
GEN_541046_NEYVELITS1_110_3,6.370163934,24.71016393,404.00
GEN_541046_NEYVELITS1_110_4,6.370163934,24.71016393,404.00
GEN_541046_NEYVELITS1_110_5,6.370163934,24.71016393,404.00
GEN_541046_NEYVELITS1_110_6,6.370163934,24.71016393,404.00
GEN_541105_RAMNDIPPGAS1_110_1,18.47196603,18.47196603,389.00
GEN_541106_KOVILKLPLGAS_110_1,18.47196603,18.47196603,389.00
GEN_541112_VALUTHURGAS1_110_1,18.47196603,18.47196603,256.00
GEN_541112_VALUTHURGAS1_110_2,18.47196603,18.47196603,256.00
GEN_542001_NEYVELTS2_230_1,5.644015748,9.963700787,404.00
GEN_542001_NEYVELTS2_230_2,5.644015748,9.963700787,404.00
GEN_542001_NEYVELTS2_230_3,5.644015748,9.963700787,404.00
GEN_542006_UDMLPET2_230_1,4.072759,4.329443,107.00
GEN_542006_UDMLPET2_230_2,18.47196603,18.47196603,256.00
GEN_542008_NCTPS2_230_1,5.644015748,9.963700787,404.00
GEN_542008_NCTPS2_230_2,5.644015748,9.963700787,404.00
GEN_542008_NCTPS2_230_3,5.644015748,9.963700787,404.00
GEN_542031_KALPAKAM2_230_1,20,10,435.00
GEN_542031_KALPAKAM2_230_2,20,10,435.00
GEN_542033_KADAMPAR2_230_1,0,0,  0.00
GEN_542033_KADAMPAR2_230_2,0,0,  0.00
GEN_542033_KADAMPAR2_230_3,0,0,  0.00
GEN_542033_KADAMPAR2_230_4,0,0,  0.00
GEN_542037_KUNDAHGEN2_230_1,0,0,  0.00
GEN_542037_KUNDAHGEN2_230_2,0,0,  0.00
GEN_542037_KUNDAHGEN2_230_3,0,0,  0.00
GEN_542039_METTUR-TUN_230_1,0,0,  0.00
GEN_542039_METTUR-TUN_230_2,0,0,  0.00
GEN_542039_METTUR-TUN_230_3,0,0,  0.00
GEN_542039_METTUR-TUN_230_4,0,0,  0.00
GEN_542039_METTUR-TUN_230_5,0,0,  0.00
GEN_542039_METTUR-TUN_230_6,0,0,  0.00
GEN_542039_METTUR-TUN_230_7,0,0,  0.00
GEN_542039_METTUR-TUN_230_8,0,0,  0.00
GEN_542041_MTPS2_230_1,5.644015748,9.963700787,404.00
GEN_542041_MTPS2_230_2,5.644015748,9.963700787,404.00
GEN_542041_MTPS2_230_3,5.644015748,9.963700787,404.00
GEN_542041_MTPS2_230_4,5.644015748,9.963700787,404.00
GEN_542046_NEYVELITS12_230_7,6.370163934,24.71016393,404.00
GEN_542046_NEYVELITS12_230_8,6.370163934,24.71016393,404.00
GEN_542046_NEYVELITS12_230_9,6.370163934,24.71016393,404.00
GEN_542047_NEY-ZERO_230_1,5.385480226,10.44824859,404.00
GEN_542051_PARAMKDY2_230_S1,0,0,  0.00
GEN_542054_ENNORE2_230_1,19.21727273,8.356818182,404.00
GEN_542054_ENNORE2_230_2,19.21727273,8.356818182,404.00
GEN_542054_ENNORE2_230_3,19.21727273,8.356818182,404.00
GEN_542055_PPNALUR2_230_1,18.47196603,18.47196603,389.00
GEN_542064_THENI2_230_6,6.75359874377083,15.2456093865208,404.00
GEN_542071_TTPS2_230_1,5.644015748,9.963700787,404.00
GEN_542071_TTPS2_230_2,5.644015748,9.963700787,404.00
GEN_542071_TTPS2_230_3,5.644015748,9.963700787,404.00
GEN_542071_TTPS2_230_4,5.644015748,9.963700787,404.00
GEN_542071_TTPS2_230_5,5.644015748,9.963700787,404.00
GEN_542097_PUSHEP2_230_1,0,0,  0.00
GEN_542097_PUSHEP2_230_2,0,0,  0.00
GEN_542097_PUSHEP2_230_3,0,0,  0.00
GEN_542126_KAMUTHI2_230_S,0,0,  0.00
GEN_542137_STERLITE2_230_1,5.091602,20.5,404.00
GEN_542137_STERLITE2_230_2,5.091602,25.89,404.00
GEN_542138_INDBHARAT2_230_1,6.370163934,24.71016393,404.00
GEN_542138_INDBHARAT2_230_2,6.370163934,24.71016393,404.00
GEN_542138_INDBHARAT2_230_3,6.370163934,24.71016393,404.00
GEN_542139_KARVAR2_230_1,18.47196603,18.47196603,389.00
GEN_542141_NAGAIPR2_230_1,4.072759,4.329443,107.00
GEN_542163_OPGALAMTYG_230_1,8.944857143,29.67585714,404.00
GEN_544000_CHENN-EX_400_1,6.52,20.588,404.00
GEN_544000_CHENN-EX_400_2,6.52,20.588,404.00
GEN_544001_NYVL_400_1,5.644015748,9.963700787,404.00
GEN_544001_NYVL_400_2,5.644015748,9.963700787,404.00
GEN_544001_NYVL_400_3,5.644015748,9.963700787,404.00
GEN_544001_NYVL_400_4,5.644015748,9.963700787,404.00
GEN_544010_NEYEXTN4_400_1,5.644015748,9.963700787,404.00
GEN_544010_NEYEXTN4_400_2,5.644015748,9.963700787,404.00
GEN_544020_NEY_IIEX_400_1,5.385480226,10.44824859,404.00
GEN_544021_KUDAN4_400_1,20,10,435.00
GEN_544021_KUDAN4_400_2,20,10,435.00
GEN_544021_KUDAN4_400_3,20,10,435.00
GEN_544041_METTUR4_400_1,6.52,20.588,404.00
GEN_544046_NEY(REP)4_400_1,6.75359874377083,15.2456093865208,404.00
GEN_544046_NEY(REP)4_400_2,6.75359874377083,15.2456093865208,404.00
GEN_544071_TUTICORN_400_1,6.75359874377083,15.2456093865208,404.00
GEN_544088_VALLURTPS_400_1,5.091602,8.536258,404.00
GEN_544088_VALLURTPS_400_2,5.242,6.55425,404.00
GEN_544088_VALLURTPS_400_3,5.242,6.55425,404.00
GEN_544096_ILFS-OA_400_1,6.52,20.588,404.00
GEN_544096_ILFS-OA_400_2,6.52,20.588,404.00
GEN_544114_CEPL_400_1,6.52,20.588,404.00
GEN_544114_CEPL_400_2,6.52,20.588,404.00
GEN_544115_IND-BARATH_400_1,6.75359874377083,15.2456093865208,404.00
GEN_544115_IND-BARATH_400_2,6.75359874377083,15.2456093865208,404.00
GEN_544124_ETPSEXP4_400_1,6.52,20.588,404.00
